"city","pop100","hu100","arealand","areawater","p006001","p006002","p006003","p006004","p006005","p006006","p006007","p006008","p007001","p007002","p007010","hct007002","hct007001","hct007052","p087001","p053001","Purban","Prural","malel15","male15","malel65","male65to75","male75p","femalel15","female15","femalel65","female65to75","female75p","Pdrive","Ppublic","Pmalehigh","Pmaledeg","Pfemalehigh","Pfemaledeg","Phigh","Pdeg","Pmaleunem","Pfemaleunem","Punem","Ppovertyl5","Ppovertye5","Ppoverty6to11","Ppoverty12to17","Ppoverty18to64","Ppoverty65to74","Ppoverty75p","Ppoverty","Pdiffhouse","Pdiffcounty","Pdiffstate","Powner","Prented","Powner65p","Prented65p","moved165p","moved265p","moved365p","moved465p","moved565p","moved665p","Pmoved165p","Pmoved265p","Pmoved365p","Pmoved465p","Pmoved565p","Pmoved665p","ownermoved165p","ownermoved265p","ownermoved365p","ownermoved465p","ownermoved565p","ownermoved665p","rentermoved165p","rentermoved265p","rentermoved365p","rentermoved465p","rentermoved565p","rentermoved665p"
"akr",542899,230880,1068948386,19005659,542899,452810,71120,1184,7735,144,1777,8129,542899,538408,4491,152996,217788,64792,533162,42304,0.9570398914,0.0429601086,58598,3905,231127,17734,13205,55383,3606,235027,21986,23820,0.9375149953,0.0161717244,0.8576486502,0.3245074399,0.8563351764,0.2859590375,0.8569510127,0.3040328696,0.0507697347,0.0495194956,0.0501803492,0.1749172115,0.1491401184,0.1504648837,0.1103567293,0.0882610319,0.0585792183,0.0795836431,0.0993900541,0.4163341466,0.152100547,0.0598121845,0.7024996786,0.2975003214,0.7974615553,0.2025384447,2565,6157,4726,6718,7639,22462,0.0510275131,0.1224859252,0.0940179442,0.1336463286,0.1519684883,0.4468538007,877,2962,2897,4796,6788,21766,1688,3195,1829,1922,851,696
"albu",556678,239074,3020015825,6776278,556678,393666,15303,22964,9864,532,88403,25946,556678,323151,233527,140605,220936,80331,547422,38788,0.9566661517,0.0433338483,59378,3525,243691,15448,11233,58095,3881,249080,18648,18578,0.904458404,0.0147721889,0.8423776993,0.384817397,0.8459895156,0.3412534362,0.8442678711,0.3620190699,0.0582209847,0.0564632605,0.0573944173,0.2100010589,0.1912256267,0.1861254296,0.1583392128,0.1266119139,0.0823366114,0.1018776326,0.1369820723,0.5107575316,0.212050596,0.1511070043,0.636406018,0.363593982,0.7836744407,0.2163255593,3389,6721,5630,6747,7447,12086,0.0806520704,0.159947644,0.1339838172,0.160566397,0.1772251309,0.2876249405,1337,3677,4034,5323,6866,11693,2052,3044,1596,1424,581,393
"amar",217858,87859,4723296989,53677556,217858,171848,12169,1557,4121,61,23045,5057,217858,175138,42720,53485,82000,28515,208958,36102,0.8886660118,0.1113339882,24858,1622,96756,6377,4157,24274,1395,95313,7695,7560,0.9494566363,0.0035923217,0.7953434368,0.2811659741,0.8051265104,0.2626761879,0.8003850283,0.271637481,0.0547699488,0.0562147908,0.0554428731,0.2074096754,0.2226828546,0.1938282508,0.1371368199,0.1260731646,0.0888616184,0.1015155848,0.1375348156,0.5191626553,0.2854304208,0.083992787,0.6522560976,0.3477439024,0.8102023368,0.1897976632,1360,2750,1952,3090,2928,5465,0.0775149615,0.1567398119,0.1112567683,0.1761185523,0.1668851525,0.3114847535,522,1521,1364,2627,2817,5364,838,1229,588,463,111,101
"anch",260283,100368,4395766279,683445939,260283,187779,15201,18800,14266,2027,5745,16465,260283,245545,14738,56933,94822,37889,254273,55546,0.9610808236,0.0389191764,32178,2207,125637,4126,1909,31051,2065,120792,4507,3312,0.8900387113,0.0201633798,0.9057386236,0.3702333807,0.9001293434,0.366054274,0.9029456453,0.3681525158,0.07002457,0.0557924117,0.0635507499,0.1084312299,0.0949913644,0.0984358866,0.0740831396,0.0656996024,0.041060535,0.1022433988,0.0734722129,0.5837250184,0.2605900418,0.2063691938,0.6004197338,0.3995802662,0.7355051828,0.2644948172,830,1625,1055,1719,2019,1531,0.0945437977,0.1851008087,0.1201731404,0.1958081786,0.2299806356,0.1743934389,274,843,673,1286,1899,1482,556,782,382,433,120,49
"arlv",189453,90426,67002719,243499,189453,130794,17856,828,15761,127,15378,8709,189453,154241,35212,37364,86352,48988,185295,63001,1,0,13700,594,88503,3577,3244,13101,725,83735,4442,5952,0.6640901022,0.2330799855,0.8773028261,0.6664743137,0.8788959685,0.6096911991,0.8781006021,0.6380398145,0.0261796183,0.0284323586,0.0272178671,0.0775666896,0.1264305177,0.0965869282,0.1081656805,0.0745680225,0.0699645749,0.0699350266,0.0775574085,0.6069785105,0.4338057901,0.3227616941,0.4326940893,0.5673059107,0.6394295302,0.3605704698,724,1725,1258,1684,2070,4459,0.060738255,0.1447147651,0.1055369128,0.1412751678,0.1736577181,0.3740771812,204,505,552,976,1587,3798,520,1220,706,708,483,661
"atla",1481871,609863,2063867175,22420250,1481871,632538,721975,3881,50300,632,44249,28296,1481871,1382549,99322,312932,570581,257649,1442323,48219,0.9868051942,0.0131948058,156640,9176,676830,27690,19046,150689,8723,681537,38150,38618,0.8436230304,0.0881340909,0.8362968901,0.4608626513,0.8525618898,0.4288279696,0.8448083415,0.4440989476,0.0732272564,0.0732262786,0.0732267936,0.1994989192,0.1840521565,0.1983073886,0.1788809446,0.1154569531,0.112774237,0.1372945918,0.1350079004,0.5676510688,0.3412487475,0.2213928778,0.5484444803,0.4515555197,0.7107538653,0.2892461347,5879,12970,9291,12789,14877,25495,0.0723115337,0.1595306331,0.1142790372,0.1573043382,0.1829866791,0.3135877787,1637,5175,4982,8799,12900,24292,4242,7795,4309,3990,1977,1203
"aust",812280,335881,2562287673,84883107,812280,553829,73809,4490,36119,676,118953,24404,812280,583174,229106,165123,320766,155643,793476,46761,0.9303368297,0.0696631703,84473,4386,392414,13543,8785,79129,4818,365432,16478,15628,0.8855688767,0.036668945,0.8410742234,0.4772622441,0.8527540491,0.4395457555,0.8468448882,0.4586276156,0.0388917906,0.0434187883,0.0408968026,0.1558335929,0.1665402844,0.1414773264,0.128775999,0.1236700729,0.0589792317,0.0986026545,0.1252564665,0.6235907804,0.3300233753,0.1605070935,0.5147771273,0.4852228727,0.7813866334,0.2186133666,3157,5854,4692,6457,6344,8718,0.0896314803,0.1662029413,0.1332121969,0.1833229232,0.180114701,0.2475157572,1122,3293,3358,5348,5995,8406,2035,2561,1334,1109,349,312
"bake",661645,231564,21085000353,52980904,661645,406392,38804,9014,21562,778,155595,29500,661645,407586,254059,129661,208652,78991,630771,35446,0.8832002055,0.1167997945,90907,5648,311950,15870,11022,85913,5625,287520,18634,16649,0.9219311113,0.0136506292,0.6825739059,0.2087323436,0.6868252593,0.1901527476,0.6846718639,0.1995636841,0.1105829188,0.1283503719,0.11844785,0.3184543638,0.2849440405,0.2917489088,0.2411684882,0.1826119229,0.0992828918,0.11180505,0.2076014909,0.5275067463,0.1783763824,0.0738601428,0.6214222725,0.3785777275,0.787476374,0.212523626,3486,6546,5894,8011,6878,9924,0.0855691107,0.1606814109,0.1446770907,0.1966420383,0.16883085,0.2435994993,1415,3687,4579,6649,6295,9456,2071,2859,1315,1362,583,468
"balt",651154,300477,209282442,29198774,651154,206445,417231,2247,10256,128,4659,10188,651154,640053,11101,129879,257996,128117,626051,30078,1,0,68711,4039,270598,18751,13803,66893,3977,294623,26324,27055,0.6992777887,0.1947805095,0.6756506265,0.2252751327,0.6903489728,0.227480142,0.6837344875,0.2264878534,0.1104024922,0.103755536,0.1069059302,0.3524863777,0.351443955,0.3061741613,0.2757637786,0.2067397645,0.1769628521,0.1831519044,0.2292369152,0.4289704519,0.1466935808,0.0816565328,0.5034147816,0.4965852184,0.624117798,0.375882202,3372,7911,6509,9285,9129,26138,0.0540870012,0.1268927242,0.1044045939,0.1489317336,0.146429488,0.4192544591,527,1620,2137,4092,6641,23893,2845,6291,4372,5193,2488,2245
"batr",412852,169073,1179553107,39139418,412852,232492,163787,1102,8729,154,2111,4477,412852,405148,7704,96305,156365,60060,398888,37224,0.9292288762,0.0707711238,45318,3289,181967,9441,6608,43560,2664,190018,12658,12160,0.928712777,0.0140637897,0.8375934559,0.355624945,0.8401060742,0.3211327751,0.8389415237,0.3371192355,0.0624769889,0.0632439137,0.0628493723,0.2575926442,0.2202531646,0.2273152214,0.2131407581,0.166868027,0.1088087673,0.1236915562,0.1786867492,0.4819263297,0.1855645123,0.0843472688,0.6158986986,0.3841013014,0.8157344581,0.1842655419,1590,3841,2665,3590,5690,9889,0.058316523,0.1408765817,0.0977443609,0.13167064,0.2086924629,0.3626994315,567,2119,1912,2843,5320,9480,1023,1722,753,747,370,409
"bent",162453,73445,1478882557,2616885082,162453,129232,25946,786,1671,61,2032,2725,162453,157884,4569,45925,63569,17644,159074,38567,0.6963244754,0.3036755246,18063,1058,68710,5643,4053,16794,1340,70144,6693,7210,0.9225636313,0.0062066302,0.819660354,0.2870228094,0.818890401,0.2614220824,0.8192520386,0.2734464336,0.052008676,0.0586622523,0.0551814302,0.2341320293,0.1914008322,0.1868778915,0.1427375471,0.1115415302,0.079490737,0.1023919826,0.126997498,0.4233426643,0.1584521653,0.1181952906,0.7224433293,0.2775566707,0.8350271652,0.1649728348,732,1697,1839,2398,2484,6495,0.0467881112,0.1084691595,0.1175455417,0.153275807,0.1587727709,0.4151486098,332,1030,1302,1794,2316,6290,400,667,537,604,168,205
"bidd",186742,94234,2566460305,726297502,186742,182485,752,495,946,72,336,1656,186742,185151,1591,54170,74563,20393,184069,43630,0.465401463,0.534598537,19381,1425,79883,6434,4295,18816,1590,81387,7404,7339,0.9223549488,0.0075618601,0.8601008104,0.3092343678,0.8701613265,0.3128448186,0.865374517,0.3111269604,0.0336613453,0.0356862329,0.0346244724,0.1294451047,0.0965488907,0.102936513,0.0869296402,0.0721352777,0.0776663495,0.0942398664,0.0815074782,0.4196275569,0.1944310024,0.1348241684,0.7264997385,0.2735002615,0.7630127856,0.2369872144,1316,2600,1900,3177,2494,5016,0.079743077,0.1575471126,0.1151305823,0.1925104526,0.1511240381,0.3039447373,581,1469,1206,2474,2212,4650,735,1131,694,703,282,366
"bilo",189601,79636,1504734433,1023487219,189601,138395,39679,948,4976,167,1447,3989,189601,184781,4820,44845,71538,26693,182302,35624,0.7837247694,0.2162752306,21069,1500,85253,5962,3202,20118,1252,83326,6634,5224,0.9207373272,0.0050065426,0.808122425,0.2626285358,0.7973063205,0.2565509829,0.8025493207,0.2594970168,0.0558162173,0.0557932018,0.055805666,0.2246151569,0.2433473389,0.2156705359,0.1929824561,0.1235834636,0.0945434029,0.1416517515,0.1458952727,0.5101212273,0.251029181,0.1920872473,0.6268696357,0.3731303643,0.8076289791,0.1923710209,1013,2127,1886,2258,2575,4717,0.0694978046,0.1459248079,0.1293907794,0.1549121844,0.1766602634,0.3236141603,464,1236,1264,1842,2393,4573,549,891,622,416,182,144
"birm",662047,288162,2881639146,28998564,662047,385011,259123,1506,5793,155,4359,6100,662047,651561,10486,174982,263265,88283,647628,36868,0.8928882693,0.1071117307,69535,4622,277131,20011,14412,66912,4637,294197,27499,28797,0.9507777424,0.0109660146,0.8056538177,0.314659585,0.8116787705,0.2927926026,0.808940524,0.3027308031,0.0619652739,0.0640850937,0.0629985708,0.2257700712,0.2214088564,0.2116629125,0.1772513562,0.1292254845,0.1097732804,0.1480765368,0.1477298696,0.4326577759,0.1388266464,0.0774351974,0.6646610829,0.3353389171,0.8081526228,0.1918473772,3502,7644,6554,8826,10615,24606,0.056715306,0.123795488,0.1061428086,0.1429381185,0.171911186,0.398497093,1443,4052,4455,6737,9647,23567,2059,3592,2099,2089,968,1039
"bost",689807,292520,151555693,159745094,689807,398032,150969,3010,48115,227,57112,32342,689807,582455,107352,94552,278722,184170,657730,39355,1,0,60498,3549,303404,16480,13034,57245,3374,309901,22263,24725,0.5347452637,0.3094750747,0.7855014754,0.3838649744,0.7777255301,0.3674270827,0.7813905363,0.3751746905,0.075033031,0.0657297656,0.0704489902,0.2452082664,0.2888220003,0.2604451063,0.2428174879,0.1741604857,0.1642889403,0.177342242,0.1899229167,0.5068236081,0.2790268034,0.188259159,0.3392340755,0.6607659245,0.4631473517,0.5368526483,2857,8130,6302,9022,7236,17372,0.0561087217,0.1596653509,0.1237651957,0.1771833697,0.142108054,0.3411693081,358,1352,1260,2771,3962,13880,2499,6778,5042,6251,3274,3492
"buff",950265,415868,2704492010,473144792,950265,781935,122928,6032,12893,238,13096,13143,950265,919505,30760,248780,380873,132093,922582,38567,0.9101576929,0.0898423071,98253,6504,394415,33941,25701,93239,6455,404138,43034,49036,0.90520354,0.0408312767,0.8315008741,0.347395577,0.8266269482,0.3337141958,0.8288786155,0.3400347512,0.0795862669,0.065170077,0.072569954,0.2157801732,0.1889894545,0.1828032069,0.1385519091,0.1108210726,0.0674866098,0.0896900677,0.1217864645,0.3706134874,0.0852007943,0.0453622495,0.6531836071,0.3468163929,0.7432961616,0.2567038384,4761,10671,9260,14027,14789,47106,0.0473194585,0.106058799,0.0920349057,0.1394139981,0.1469874968,0.468185342,1157,3775,4651,8637,12388,44178,3604,6896,4609,5390,2401,2928
"cayc",216014,90978,1811056191,151851421,216014,181965,27145,861,1945,172,1954,1972,216014,211166,4848,64274,83240,18966,213663,44659,0.6628135213,0.3371864787,24158,1697,96180,5669,3245,22748,1706,97781,6700,6439,0.9473361462,0.0032217026,0.8194425923,0.3340297225,0.8396476834,0.320235414,0.8300500412,0.3267878634,0.034188451,0.0404306131,0.0370949527,0.1317834789,0.1490721022,0.1129899679,0.0956162473,0.0805148988,0.076683853,0.115370962,0.0904742515,0.4483099368,0.2377062612,0.1109577273,0.7721528111,0.2278471889,0.8641320151,0.1358679849,705,1711,1655,2134,2513,5038,0.0512503635,0.1243820878,0.120311137,0.1551323059,0.1826839197,0.3662401861,335,1187,1253,1850,2359,4903,370,524,402,284,154,135
"cdrp",191701,80551,1858167132,18398683,191701,180154,4506,430,2647,93,968,2903,191701,188849,2852,55821,76753,20932,186839,46206,0.8369231251,0.1630768749,20940,1266,84473,5654,4039,19656,1170,83745,6465,7325,0.9256509576,0.0112976114,0.903631238,0.3933281874,0.9078722279,0.3469098939,0.905832311,0.3692371021,0.0427926326,0.0272943192,0.035395023,0.0976436162,0.0947176685,0.0742740581,0.0728428094,0.0585804363,0.0417358115,0.0909902758,0.0650292498,0.4770654025,0.1918482159,0.098613726,0.7272810183,0.2727189817,0.8104122588,0.1895877412,852,2325,1813,2330,2430,5847,0.0546258896,0.1490671283,0.1162403026,0.1493877028,0.1557991922,0.3748797846,393,1277,1272,1839,2245,5614,459,1048,541,491,185,233
"char",695454,292780,1363045973,51653712,695454,445356,192666,3250,20819,398,20857,12108,695454,650500,44954,170392,273416,103024,681210,50579,0.962371343,0.037628657,76041,4564,318526,14077,9087,72483,4137,317537,18543,17684,0.9177527817,0.0257058715,0.8555700844,0.4591902049,0.8684534408,0.4197579946,0.8622625301,0.4387065732,0.0474693252,0.0565072843,0.0516686596,0.1210685484,0.1357402178,0.1271768072,0.1048694975,0.0816115156,0.0748478828,0.1164455234,0.0919716387,0.5642736137,0.3001811878,0.2366771184,0.6231968868,0.3768031132,0.7680035862,0.2319964138,2888,6020,4197,5976,6571,12271,0.0761543127,0.1587427155,0.1106716241,0.1575824697,0.1732721567,0.3235767213,1323,3263,2571,4572,5771,11625,1565,2757,1626,1404,800,646
"chic",5376741,2096121,2449300798,1785436307,5376741,3025727,1399451,14419,260996,1596,532423,142129,5376741,4305500,1071241,1142743,1974181,831438,5285159,45922,0.999146881,0.000853119,600090,36960,2352048,143857,104881,573969,36466,2394241,186782,194932,0.7511986744,0.1725175979,0.7737228753,0.3444057249,0.779934832,0.322489631,0.7770189809,0.3327768994,0.0767196689,0.0738770395,0.0753716832,0.2003629275,0.2043850011,0.2012452423,0.174816225,0.1168524894,0.0972098924,0.1091331714,0.1349136327,0.4300263859,0.1196860143,0.0943481771,0.5788440878,0.4211559122,0.7164428406,0.2835571594,22479,56940,49793,68469,74965,145238,0.05379244,0.1362579089,0.1191550765,0.1638469049,0.1793918887,0.347555781,7400,24046,26434,44832,62710,133968,15079,32894,23359,23637,12255,11270
"cinc",845303,373393,1055069826,14034460,845303,616624,197718,1710,12652,245,4667,11687,845303,836160,9143,207533,346790,139257,826628,40964,0.9754632363,0.0245367637,92538,6135,358914,25637,18040,88905,5827,372374,33394,36944,0.8858218413,0.0500897193,0.8362851609,0.3867239497,0.8199844136,0.3257716938,0.827474874,0.3537802538,0.050850683,0.049191306,0.0500494402,0.2002697599,0.181934712,0.1718251177,0.1318183049,0.1043731131,0.0782658143,0.0977495766,0.1181813343,0.4455706695,0.1311130489,0.0802022389,0.5984399781,0.4015600219,0.7093649512,0.2906350488,4670,10624,8835,10891,11572,28977,0.0617978272,0.1405867485,0.1169130199,0.1441199434,0.1531315751,0.3834508859,1190,4133,4478,6812,9703,27290,3480,6491,4357,4079,1869,1687
"clev",1393978,616903,1187481481,2038501172,1393978,939658,380189,2429,25831,306,21185,24380,1393978,1347494,46484,360988,571457,210469,1365658,39168,0.9923714721,0.0076285279,149124,9590,572797,46988,38201,142623,9100,604004,61067,70921,0.8786644533,0.0624682922,0.8200308924,0.3246717686,0.8131836387,0.2872097913,0.8163089597,0.3043087204,0.0662208091,0.0570008114,0.0617219748,0.2247704883,0.2098663131,0.2070827547,0.160985608,0.113723207,0.0864545753,0.0993318081,0.1313447437,0.4038928189,0.1055065515,0.0609685158,0.631697573,0.368302427,0.7354507144,0.2645492856,7079,16836,14238,20464,24816,62502,0.0485078974,0.1153664303,0.097563984,0.1402268133,0.1700483092,0.4282865659,1790,6031,6708,12457,21013,59329,5289,10805,7530,8007,3803,3173
"clmg",186291,76182,560106351,12273208,186291,93928,80509,1048,2983,385,3788,3650,186291,177832,8459,39372,69819,30447,177184,34798,0.9746418238,0.0253581762,21099,1296,82397,5010,2996,20406,1305,82097,7299,6492,0.901093074,0.0145944057,0.8114119181,0.2853362988,0.7704277012,0.2516763884,0.7891709413,0.2670700162,0.0533385445,0.073800738,0.0628234697,0.2527202266,0.2402274343,0.226934028,0.1945606695,0.1326374651,0.1038735309,0.1451594598,0.1565660556,0.5216935568,0.2510279248,0.1884374385,0.5639152666,0.4360847334,0.7615043057,0.2384956943,924,1897,1523,2163,3102,5255,0.0621636168,0.127623789,0.1024623251,0.1455193757,0.2086921421,0.3535387513,232,886,858,1551,2784,5008,692,1011,665,612,318,247
"clmo",1068978,471016,1398253363,8948123,1068978,807104,188318,3552,32912,362,9909,26821,1068978,1044857,24121,249613,438778,189165,1045966,42734,0.9815973762,0.0184026238,116372,7385,478463,24814,15902,111340,6750,486231,32379,31189,0.9075247651,0.0310577685,0.8591204448,0.4011782438,0.8559155167,0.3489734096,0.8574309718,0.3736585452,0.042858221,0.0412420166,0.042084837,0.1643488921,0.15393043,0.1459754733,0.1266907451,0.1096215019,0.0778997393,0.0967204654,0.1164884901,0.5357901018,0.2040870429,0.107723106,0.5688822138,0.4311177862,0.742625837,0.257374163,4704,10586,8211,10301,11342,24152,0.0678827061,0.1527649504,0.1184916878,0.1486521589,0.163674671,0.3485338259,1378,4850,4741,7208,9976,23308,3326,5736,3470,3093,1366,844
"colo",516929,202428,5507477052,8058755,516929,420211,31940,4812,13154,1291,23680,21841,516929,458510,58419,124443,192409,67966,501170,46844,0.9053080791,0.0946919209,61479,3922,240555,11304,7248,57756,3786,231796,13790,12236,0.900725915,0.0095032316,0.9219895824,0.4453012017,0.9035127265,0.3797655745,0.912524187,0.4117283565,0.0391254685,0.0468807619,0.0425734387,0.1190147988,0.1293148536,0.1043271338,0.0875863121,0.0715932361,0.0547796337,0.0875888099,0.0804477523,0.5955698957,0.323509349,0.2789572139,0.6467628853,0.3532371147,0.788422061,0.211577939,2765,5227,4103,4892,5723,6518,0.0946010675,0.1788353634,0.1403790885,0.1673737512,0.1958053921,0.2230053373,1300,3057,2964,3960,5378,6385,1465,2170,1139,932,345,133
"corp",313645,123041,2164755364,856257213,313645,226075,13239,1911,3507,95,58846,9972,313645,138902,174743,67687,110365,42678,308352,35959,0.9441311036,0.0558688964,37851,2522,139109,8901,5623,36070,2237,139520,11067,9425,0.9232610639,0.0193703317,0.7543915437,0.2502467159,0.7339195231,0.2400596125,0.7436512239,0.2449022143,0.0723788107,0.0780377358,0.074957188,0.2598395109,0.2811299435,0.253547615,0.2205486284,0.1567143871,0.1482709375,0.1715466268,0.1819252024,0.4678551332,0.1711170872,0.0777428342,0.6133013184,0.3866986816,0.7771180432,0.2228819568,1804,2963,2526,3096,4027,8152,0.0799361928,0.131292095,0.1119283942,0.1371853952,0.178438497,0.3612194257,573,1545,1532,2333,3652,7903,1231,1418,994,763,375,249
"covt",167090,70365,440750358,46425471,167090,159701,1406,343,2187,16,1032,2405,167090,164344,2746,48187,67320,19133,165165,47617,0.9323119277,0.0676880723,16525,1099,69979,5734,4416,15719,871,71777,7095,8089,0.9530987075,0.0116716193,0.8342595319,0.3485389371,0.8430415516,0.313001734,0.8389494804,0.3295606544,0.0466891037,0.0398289413,0.0433883149,0.1036560458,0.1080064481,0.0798495908,0.0616359002,0.0565735271,0.0593074271,0.1047745358,0.0657645385,0.3644228995,0.1668606981,0.0661106552,0.7157902555,0.2842097445,0.7101052503,0.2898947497,930,2263,1446,2633,2143,7022,0.0565796678,0.1376771917,0.0879722577,0.1601873821,0.1303765894,0.4272069112,259,836,579,1567,1777,6654,671,1427,867,1066,366,368
"dayt",559062,248443,1195735149,6910116,559062,427862,111188,1329,7190,259,2186,9048,559062,552649,6413,148254,229229,80975,542982,40156,0.9537457384,0.0462542616,59280,3838,237192,18186,12709,56094,3609,245084,23156,22735,0.9227465991,0.0267328145,0.8377807921,0.3221581674,0.8324535231,0.2834927193,0.8349355351,0.3015072228,0.0520704778,0.0534526554,0.0527437553,0.1864808939,0.1748993289,0.1693202241,0.1212128048,0.1016437947,0.0758191172,0.0893788079,0.1131529222,0.4569248152,0.1506855873,0.0784710253,0.6467506293,0.3532493707,0.7711625724,0.2288374276,2932,6791,5293,7520,9242,19350,0.0573462682,0.1328235018,0.1035244876,0.1470818338,0.1807620091,0.3784618995,990,3074,3230,5347,8296,18491,1942,3717,2063,2173,946,859
"dc",572059,274845,159033692,17968995,572059,175306,343213,2006,14762,383,21728,14661,572059,527044,45015,101216,248338,147122,541657,40127,1,0,49121,2752,242263,15218,11346,48521,2624,259708,21115,22409,0.4936101869,0.3315381549,0.7793281654,0.4422986181,0.7774253686,0.3975401303,0.778306266,0.4182610166,0.1040726453,0.109389826,0.1067784391,0.3297434273,0.3459966702,0.3276273885,0.2865283724,0.1739228476,0.1584234056,0.1698355601,0.2021574539,0.5009821035,0.2653513892,0.2653513892,0.407573549,0.592426451,0.5836892818,0.4163107182,2734,5319,4409,8176,8936,20761,0.0543160822,0.1056719976,0.0875931261,0.1624317076,0.1775305453,0.4124565412,501,1274,1344,3539,5592,17130,2233,4045,3065,4637,3344,3631
"denv",1406460,580864,5564394742,25003879,1406460,1032643,107213,14108,45373,1343,152583,53197,1406460,1070090,336370,345978,558300,212322,1386612,47323,0.9828669141,0.0171330859,153251,9235,650947,31500,22087,145621,9007,622582,39360,39984,0.8680845311,0.0550352724,0.8223779856,0.3872056039,0.8364463503,0.3624984092,0.8295125868,0.3746756486,0.0460040054,0.0445815205,0.0453550657,0.1407911613,0.1382581649,0.134124449,0.1182188268,0.0903235515,0.068861806,0.0880308612,0.0994048804,0.5647139904,0.3438632361,0.1907741787,0.6196990865,0.3803009135,0.7391791932,0.2608208068,6779,15091,11803,13811,14765,26030,0.0767906297,0.1709466578,0.1337011067,0.1564471732,0.1672538203,0.2948606124,2422,7202,7103,10001,13438,25088,4357,7889,4700,3810,1327,942
"desm",374601,156447,1474600546,58414140,374601,331037,17472,1311,9173,222,8294,7092,374601,358247,16354,102623,149112,46489,366064,46116,0.9419755954,0.0580244046,41435,2503,165069,9607,6759,39528,2577,167907,11940,13319,0.9241559569,0.0185939258,0.8786559182,0.3853305339,0.8875830913,0.3543270097,0.8833392207,0.3690657115,0.053043286,0.0413367569,0.0473594645,0.1263579601,0.0779106578,0.1036290967,0.0866486851,0.0722384289,0.0527874401,0.076757978,0.0793604397,0.5022155123,0.2049154064,0.1135496982,0.688227641,0.311772359,0.7613272394,0.2386727606,2053,4428,3524,4163,3524,10095,0.0738834707,0.1593550941,0.1268218951,0.1498182603,0.1268218951,0.3632993846,797,2122,2107,3149,3210,9770,1256,2306,1417,1014,314,325
"det",2061162,826145,1590646446,150352292,2061162,1064497,866622,8231,35273,495,32873,53171,2061162,1983661,77501,511936,768440,256504,2029232,40776,0.9931068009,0.0068931991,249749,15035,889593,55654,42980,240267,14652,921688,75303,75944,0.9178374275,0.0381742779,0.7628339386,0.2375925507,0.7757760774,0.224626579,0.7697780107,0.2306356911,0.0897348474,0.079945022,0.0850049428,0.246834975,0.25171049,0.2470043231,0.2029832229,0.1417330947,0.1071923455,0.1202519736,0.1639033881,0.4000935445,0.1004278641,0.0574214705,0.6662016553,0.3337983447,0.7735701062,0.2264298938,7709,19228,15925,24383,28792,77350,0.0444612341,0.110896434,0.0918465629,0.1406276134,0.1660562787,0.4461118769,2146,7739,8424,16124,25107,74587,5563,11489,7501,8259,3685,2763
"dlft",4199873,1630192,7043111078,313964232,4199873,2764234,654260,23209,172947,2914,470905,111404,4199873,3196353,1003520,886487,1537985,651498,4136122,55671.5,0.975215441,0.024784559,510012,30914,1958490,79878,49848,487708,29287,1914691,102450,94516,0.9243167975,0.0215189536,0.7839567731,0.3746423666,0.8018079674,0.3246936545,0.7931098886,0.3490314005,0.0446266197,0.0529377646,0.0483655493,0.1678625963,0.1606087602,0.1506635854,0.1394546282,0.0985790039,0.0867316768,0.1062244929,0.1135179281,0.5565648139,0.2535558653,0.1420897866,0.5763950884,0.4236049116,0.7806394401,0.2193605599,16165,32082,23110,32390,39719,65154,0.0774853801,0.153781996,0.1107755728,0.1552583645,0.1903892244,0.3123094622,5481,15832,14774,25963,37350,63457,10684,16250,8336,6427,2369,1697
"elpa",679622,224447,2623932741,4064344,679622,503682,20552,4932,6956,554,121978,20968,679622,147655,531967,133596,210022,76426,666676,31051,0.9703982508,0.0296017492,92546,6179,299801,17003,10348,88683,5816,313513,22656,16301,0.9211131291,0.0222404935,0.6989913545,0.2427233429,0.6224822359,0.1931170062,0.6577412269,0.2159779333,0.0857819874,0.099113975,0.0918049132,0.3228664563,0.3301540719,0.3238959321,0.3038299926,0.203059227,0.179548338,0.1935370428,0.2380796669,0.4480353717,0.1430753531,0.11911706,0.636104789,0.363895211,0.7595184496,0.2404815504,2905,5144,4123,6566,8309,13821,0.0710825095,0.1258686503,0.1008857786,0.1606635999,0.2033131056,0.3381863561,643,2210,2563,4702,7599,13323,2262,2934,1560,1864,710,498
"evan",171922,76300,607539458,3013556,171922,153436,13586,365,1589,55,753,2138,171922,170234,1688,47185,70623,23438,165007,36823,0.8989890764,0.1010109236,16747,999,71290,5711,4290,16280,1159,74402,7361,8868,0.9344907629,0.0117378195,0.8401291885,0.2753138397,0.823490301,0.2414521035,0.8312057623,0.2571538091,0.0605192904,0.051424521,0.0561087578,0.209300105,0.1724137931,0.1407964398,0.101066607,0.107154801,0.0615625,0.085570324,0.1115952657,0.4565114953,0.163928226,0.08188661,0.668125115,0.331874885,0.761443157,0.238556843,1135,2507,1853,2515,2388,7036,0.0651026729,0.1437994723,0.1062865665,0.1442583458,0.1369737295,0.403579213,253,1169,1138,1780,2120,6815,882,1338,715,735,268,221
"fres",799407,270767,15443387242,141660122,799407,432756,41110,12587,63895,652,207976,40431,799407,447202,352205,142856,252940,110084,782294,34725,0.87361882,0.12638118,109130,7534,366265,18470,14429,104665,6761,354143,22731,23369,0.9088227516,0.0173457832,0.6603336444,0.2475422915,0.6894093381,0.2333120798,0.6752491548,0.2402423497,0.1160957962,0.1202543238,0.1179549868,0.3426662812,0.3316206694,0.3350563483,0.2872307287,0.1999025241,0.0908532239,0.1085447074,0.2289228858,0.4895429138,0.1323635827,0.0526527057,0.5647821618,0.4352178382,0.7436503129,0.2563496871,3958,7699,6346,8146,8808,14573,0.079911165,0.1554411468,0.1281243691,0.1644659802,0.1778316172,0.2942257218,1515,3708,4059,5976,7931,13644,2443,3991,2287,2170,877,929
"ftwa",331849,138905,1702268870,7388974,331849,275512,37085,1246,4452,147,7419,5988,331849,318025,13824,91394,128745,37351,326460,42671,0.8664061064,0.1335938936,39554,2354,147404,8928,6250,37471,2430,146712,10805,11750,0.9450072623,0.0079064595,0.8578717933,0.3345487053,0.8559211068,0.2837809378,0.8568513525,0.307991129,0.0454989488,0.0485336739,0.0469061422,0.1606641534,0.1464442815,0.1277603046,0.0995390768,0.079427979,0.0550401979,0.0736545644,0.0913036819,0.4727373573,0.1585676998,0.099177814,0.709883879,0.290116121,0.7761545329,0.2238454671,1817,3739,2781,3923,3693,8689,0.0737358981,0.1517328139,0.1128560993,0.1591997403,0.1498660823,0.3526093661,668,1827,1882,2957,3321,8471,1149,1912,899,966,372,218
"gdrp",574335,224000,2217482769,41453062,574335,477058,51480,3209,10515,307,18882,12884,574335,534317,40018,149719,212890,63171,562223,45980,0.8524728599,0.1475271401,69361,4677,257968,13517,10467,66132,4592,256578,17127,18678,0.9287599037,0.0114693424,0.8381033113,0.3487794468,0.853494631,0.3225061551,0.8461158082,0.3351019538,0.0427328208,0.045817213,0.0441708954,0.1237163251,0.1041620545,0.1049864907,0.0956773206,0.0823972415,0.0646277746,0.086949789,0.0886338695,0.4762880998,0.1735490429,0.0868094127,0.703269294,0.296730706,0.7858006936,0.2141993064,2225,6173,4607,6205,4488,13501,0.0598134358,0.1659453211,0.1238474153,0.1668055593,0.1206484045,0.362939864,793,3245,3037,4855,4111,13190,1432,2928,1570,1350,377,311
"grnb",421048,180391,1681997762,21439825,421048,271812,122923,2054,9341,129,7469,7320,421048,404865,16183,105700,168667,62967,408205,42618,0.8380493435,0.1619506565,43077,2317,182208,11725,7778,41460,2473,189561,14981,14795,0.9324147382,0.0126995152,0.8179050033,0.371825587,0.8401779603,0.3544284736,0.8297167996,0.3625995484,0.0519063162,0.0577768568,0.0547410643,0.1647586232,0.1624734231,0.1393773001,0.1223137876,0.0935292057,0.0761807448,0.1282051282,0.1058953222,0.5057524102,0.2352977031,0.1453010555,0.6266786034,0.3733213966,0.7734856503,0.2265143497,2041,4485,3372,4962,5360,11906,0.0635310963,0.1396065492,0.1049617133,0.1544543361,0.1668430555,0.3706032497,726,2155,2114,3822,4669,11363,1315,2330,1258,1140,691,543
"hono",876156,315988,1553387626,3955125860,876156,185413,19688,1881,404493,77175,10966,176540,876156,817425,58731,156233,286450,130217,848240,51914,0.9844114518,0.0155885482,89886,5460,388309,28089,23927,84602,5193,369508,35199,31124,0.8083444512,0.0830806549,0.8629609362,0.3658093394,0.8344601697,0.3491011305,0.848468443,0.3573133011,0.0590826575,0.054464334,0.0569838147,0.1364192682,0.1350340136,0.1275152547,0.1226176982,0.0929169005,0.0685205784,0.0811529683,0.0989543054,0.436657991,0.1755501187,0.1632939552,0.5454110665,0.4545889335,0.7360642522,0.2639357478,3453,7493,6494,9741,12273,27532,0.0515480847,0.1118591945,0.0969456304,0.1454184456,0.1832173887,0.4110112561,922,2807,3253,6326,10393,25605,2531,4686,3241,3415,1880,1927
"hous",3400578,1298130,4477636200,126570235,3400578,1994157,627111,14670,171977,1514,488480,102669,3400578,2279953,1120625,667129,1205516,538387,3360536,42598,0.9818648477,0.0181351523,424855,25602,1589338,64146,37989,404610,25574,1560824,80699,67582,0.9037775973,0.0409423902,0.7389428756,0.3388207852,0.7533654921,0.2958538571,0.746337306,0.3167917756,0.0589853834,0.0709495235,0.064313752,0.2161632112,0.2100201502,0.2017899854,0.1775691221,0.1307539353,0.1126447203,0.1359685725,0.1497481354,0.5221910705,0.1769174173,0.1157463535,0.5533970516,0.4466029484,0.7662879939,0.2337120061,11742,24137,18458,24234,31699,50907,0.0728515855,0.1497546176,0.1145200618,0.1503564404,0.1966719817,0.3158453129,3902,11331,11143,18685,29322,49125,7840,12806,7315,5549,2377,1782
"hunt",276700,120288,2084739506,20532503,276700,199317,62240,2444,4706,98,1981,5914,276700,271214,5486,76816,109955,33139,269395,44704,0.7708239971,0.2291760029,30619,1842,122628,8136,4384,28734,1890,124141,9614,7797,0.9523216257,0.0035958342,0.8595811518,0.4592670157,0.8492254259,0.3533180148,0.8541596217,0.4037995665,0.0510231643,0.0634601234,0.0567610259,0.167969174,0.1922365989,0.137705313,0.1215739843,0.0914950267,0.0706121987,0.1357775634,0.1054511034,0.4961355391,0.2126461286,0.149555025,0.698613069,0.301386931,0.8322039199,0.1677960801,1114,2912,1896,3037,3561,6664,0.0580692244,0.151793161,0.0988323603,0.1583090075,0.1856234362,0.3473728107,518,1887,1330,2504,3256,6470,596,1025,566,533,305,194
"indi",860454,387183,1026279857,17585955,860454,605755,207357,2873,11505,311,17019,15634,860454,828266,32188,208932,352164,143232,840300,40421,0.9900273577,0.0099726423,95412,5450,377830,21653,15347,92014,5649,387127,28609,29888,0.9252469395,0.0227203143,0.8176089021,0.3283232016,0.8153933726,0.2932041747,0.8164344604,0.3097067714,0.0528164092,0.0546310676,0.0536948687,0.1772180295,0.1682757453,0.1551726453,0.1440769515,0.1015870817,0.078231843,0.082986524,0.1140390337,0.5279723614,0.1847556277,0.1016467175,0.5932804034,0.4067195966,0.7198191593,0.2801808407,5163,9978,7286,10058,10357,22630,0.0788581378,0.1524010264,0.1112842131,0.1536229228,0.1581897605,0.3456439394,1475,3895,4040,6778,9033,21907,3688,6083,3246,3280,1324,723
"jcks",250800,100287,2251177952,21139090,250800,93781,152941,569,1315,28,472,1694,250800,248931,1869,58153,91030,32877,241595,33991,0.8481180223,0.1518819777,29247,2017,107538,5921,4538,28568,2057,115754,8637,8412,0.9453849592,0.0092375312,0.7910977648,0.3261342288,0.8142128051,0.3419200348,0.8038153666,0.3348193789,0.0790110827,0.0780302404,0.0785129862,0.3095342707,0.3011072104,0.3014549477,0.2584429588,0.1663031179,0.1302322347,0.1758334033,0.199478466,0.458112964,0.1534115116,0.0688327058,0.6388333516,0.3611666484,0.8058193126,0.1941806874,1009,2357,2020,2804,3479,6340,0.0560275418,0.1308790049,0.1121661392,0.1556999278,0.1931811872,0.3520461991,380,1248,1351,2250,3246,6037,629,1109,669,554,233,303
"jckv",778879,329778,2003789932,374434073,778879,512659,216517,2995,20554,507,9777,15870,778879,747070,31809,191722,303747,112025,762726,40703,0.9619376052,0.0380623948,88180,5639,345954,19501,12585,83972,5395,351697,24852,24290,0.9254833125,0.0200939374,0.8304339725,0.3086464191,0.8242831875,0.2814300572,0.8271904436,0.2942942582,0.0444741085,0.051422945,0.0477422278,0.1813324093,0.1779987459,0.1688161115,0.1532813426,0.0993359668,0.1036424143,0.1316153733,0.119083393,0.510555892,0.2106850406,0.1446325902,0.6311897731,0.3688102269,0.770074134,0.229925866,4515,8614,6809,8857,8035,17531,0.0830558673,0.1584591895,0.1252552381,0.1629293059,0.1478081713,0.3224922279,1563,4621,4189,7067,7439,16983,2952,3993,2620,1790,596,548
"jers",608975,240618,120920280,40778898,608975,338067,81072,1911,57191,428,94644,35662,608975,366741,242234,70658,230546,159888,600001,40293,1,0,59391,3627,271567,15759,11206,56324,3365,267437,21540,21466,0.5504868755,0.33614824,0.718610668,0.3080388187,0.6930443714,0.2683247117,0.7052756978,0.2873245776,0.0808108512,0.0932195982,0.0865328416,0.2171681891,0.2181138882,0.2352603002,0.2182031952,0.131590211,0.1439143399,0.172672918,0.1552480746,0.4620036947,0.2095430708,0.1600574335,0.3064811361,0.6935188639,0.4284712482,0.5715287518,2729,6852,5575,8517,7993,13966,0.0598045231,0.150157784,0.1221730365,0.1866453366,0.1751621669,0.3060571529,347,967,1091,2732,3758,10657,2382,5885,4484,5785,4235,3309
"john",152598,65796,1781970761,14002675,152598,146208,4407,120,560,46,295,962,152598,151447,1151,45242,60531,15289,145016,30179,0.6758148862,0.3241851138,13365,978,62358,6290,5371,12628,914,60174,8371,10034,0.9235693083,0.0121055337,0.8078381046,0.203810464,0.7938535542,0.1894708712,0.8004869826,0.1962727102,0.0964679912,0.0775739108,0.087780229,0.2165163988,0.2116402116,0.1761154608,0.1434786392,0.1168295536,0.0760422381,0.1101983989,0.1248896673,0.2825269058,0.0959428954,0.0359043747,0.747418678,0.252581322,0.797974335,0.202025665,591,1475,1427,2188,2711,11947,0.0290574758,0.0725207729,0.0701607749,0.107576577,0.1332907223,0.5873936772,184,530,779,1361,2317,11059,407,945,648,827,394,888
"kan",912667,395363,3681731383,80223202,912667,696449,157121,4743,11926,1138,19052,22238,912667,869166,43501,238461,368130,129669,898074,48347,0.9340000241,0.0659999759,100083,6483,397511,25313,17494,96718,6522,406738,32222,33389,0.92884138,0.0202447644,0.8504608024,0.3164639421,0.8526230678,0.2900642093,0.8516043991,0.3025014338,0.0503837906,0.0472526517,0.0488817059,0.1546967479,0.16676246,0.1435796148,0.118190285,0.0883266221,0.0689825167,0.0918358531,0.1004182283,0.4870956491,0.2079707225,0.1263912356,0.6477630185,0.3522369815,0.7463599023,0.2536400977,5177,11873,8018,10946,11667,25600,0.07064587,0.1620201689,0.1094144458,0.1493702324,0.1592090719,0.349340211,1631,5348,4762,7933,10284,24736,3546,6525,3256,3013,1383,864
"kans",157882,65892,392097572,11140433,157882,91621,44768,1116,2225,94,13356,4702,157882,132700,25182,37531,59700,22169,155853,33784,0.9468527128,0.0531472872,19488,1302,69730,4325,2857,18303,1218,69736,5567,5667,0.9435498381,0.0144536404,0.7308634415,0.1667176975,0.748152661,0.1872494301,0.7399697748,0.1775318814,0.0847492641,0.0797906761,0.082376227,0.2694122351,0.2632900795,0.2409030544,0.1881926684,0.1438453692,0.0991313235,0.1249684741,0.1653673654,0.4609351329,0.2032640132,0.1410893816,0.6286599665,0.3713400335,0.7840625252,0.2159374748,704,1459,1094,1611,2148,5395,0.056723874,0.1175570059,0.088147611,0.1298042059,0.1730722746,0.4346950286,197,606,573,1130,1979,5246,507,853,521,481,169,149
"king",177749,77656,2917562516,88793051,177749,158163,9640,511,1815,32,3787,3801,177749,166903,10846,45916,67499,21583,169367,42551,0.510331985,0.489668015,17715,1252,78760,5988,3894,16772,995,75312,6737,7058,0.8842106551,0.0220615226,0.7918254477,0.3209287425,0.8408513135,0.344077961,0.8167564432,0.3327007541,0.0687082594,0.0561566325,0.0627882307,0.1570625066,0.1831858407,0.1289689256,0.1225108225,0.1115793623,0.0816748925,0.0931845597,0.1141780866,0.3839957642,0.1837673193,0.0598121278,0.6802471148,0.3197528852,0.7821123361,0.2178876639,899,1755,1434,2558,2355,6328,0.0586470089,0.1144888773,0.0935481767,0.1668732468,0.1536303738,0.4128123165,224,894,886,1854,2106,6025,675,861,548,704,249,303
"knox",382032,171439,1316911987,44863695,382032,336204,33069,1183,4548,35,1937,5056,382032,377601,4431,105594,157872,52278,369911,37454,0.8692832014,0.1307167986,37090,2293,166033,11210,7596,34145,2240,167719,14779,14695,0.937167251,0.0069579708,0.8299343242,0.3713842496,0.8215163123,0.3213482978,0.8254702412,0.3448501168,0.0470036694,0.0490918447,0.0479701244,0.1755062681,0.1551141167,0.1545294944,0.1204649142,0.1234644016,0.073198242,0.1261278837,0.1259005545,0.479636849,0.2074993242,0.1181689744,0.6688583156,0.3311416844,0.8129614693,0.1870385307,2016,4746,3894,4884,4841,11853,0.0625426568,0.1472358379,0.1208041199,0.1515170317,0.1501830365,0.3677173171,937,2981,2800,3671,4420,11396,1079,1765,1094,1213,421,457
"la",9519338,3270909,10517607254,1790852700,9519338,4622759,916907,68471,1134263,27221,2262925,486792,9519338,5275851,4243487,1499694,3133774,1634080,9349771,42189,0.9929208313,0.0070791687,1161462,66700,4312467,219197,162266,1105355,63296,4279901,278299,267208,0.8544124393,0.0658480078,0.7013262058,0.3265184281,0.6969223597,0.2966197623,0.699041365,0.3110061486,0.0788192481,0.0862202592,0.0821719171,0.2552930187,0.260404181,0.2498910863,0.2293414617,0.160812613,0.1000069178,0.1105305606,0.179105884,0.4799939621,0.1231101333,0.0855731754,0.478558441,0.521441559,0.6719684875,0.3280315125,34600,74896,58258,87876,108070,192524,0.0622051548,0.1346507882,0.1047383788,0.1579867104,0.1942922276,0.3461267403,9177,22901,22477,53283,86432,179495,25423,51995,35781,34593,21638,13029
"lafy",190503,78122,698868121,1179034,190503,140144,45067,434,2142,46,766,1904,190503,187103,3400,47803,72372,24569,185805,36518,0.8799966405,0.1200033595,21909,1596,84904,4519,2742,21030,1419,87525,5978,4835,0.932489403,0.0121075667,0.7967659884,0.310846657,0.7997481314,0.2747984234,0.7983353847,0.2918757477,0.0640556154,0.0740950098,0.0687151072,0.206983468,0.1761658031,0.17781576,0.1795316081,0.1449526774,0.1346228616,0.1877807727,0.1572401173,0.4666693066,0.1924264881,0.0760405942,0.6605178798,0.3394821202,0.7928712221,0.2071287779,797,1758,1160,1517,2267,4677,0.065456636,0.1443823916,0.0952693824,0.1245893561,0.1861859396,0.3841162943,335,980,671,1111,2091,4466,462,778,489,406,176,211
"lasv",1375765,559799,20487673594,467026617,1375765,986202,122836,11045,71495,5918,118272,59997,1375765,1073935,301830,302842,512253,209411,1355075,44616,0.977179969,0.022820031,155465,7801,630262,44597,23660,145780,8599,598959,46148,32139,0.8931144612,0.0442924675,0.7955943618,0.2455250755,0.7934674693,0.2183681866,0.7945379831,0.2320368725,0.0633376074,0.0669131323,0.0649338019,0.1644663102,0.1497913569,0.1482154978,0.1230348064,0.0982939557,0.0663706992,0.0852889602,0.1076361087,0.6553463349,0.3302751573,0.3211186985,0.5911961472,0.4088038528,0.7319168029,0.2680831971,13409,29046,21443,15815,8030,5866,0.1432447735,0.3102906772,0.2290698544,0.1689474303,0.08578235,0.0626649147,6700,19680,16857,12482,7262,5533,6709,9366,4586,3333,768,333
"lex",260512,116167,736891307,2600547,260512,210809,34928,828,5824,123,3353,4647,260512,251835,8677,59915,108288,48373,248342,39813,0.9572610859,0.0427389141,24032,1478,117990,6161,4042,22834,1385,116524,7794,8001,0.9108726324,0.0128953967,0.8546627231,0.4258960084,0.8610416403,0.415399864,0.8579723144,0.4204502646,0.0562802495,0.0505632434,0.0535639085,0.1647207321,0.1732839838,0.1500107573,0.1238633714,0.1288946149,0.0700440529,0.1059457485,0.1287055754,0.5746292774,0.2822441758,0.1473522734,0.5532930703,0.4467069297,0.7352872216,0.2647127784,1254,2764,2007,2927,2532,5576,0.0735052755,0.1620164127,0.1176436108,0.1715709261,0.1484173505,0.3268464244,397,1397,1238,2015,2171,5326,857,1367,769,912,361,250
"linc",250291,104217,2172691291,20275749,250291,225390,7005,1913,6700,234,4317,4732,250291,241759,8532,59967,99187,39220,238320,41850,0.9047868281,0.0952131719,25000,1677,114420,6112,4434,23651,1656,109755,7390,8180,0.9084697179,0.0115742919,0.8979532047,0.4238743957,0.911775311,0.401177016,0.9049801305,0.4123354305,0.0343232845,0.0381879446,0.0361698614,0.1169815936,0.1320132013,0.1054970636,0.0919689119,0.0970155982,0.0513087448,0.0722397746,0.0953423968,0.5343731947,0.2279093652,0.1156642489,0.6045852783,0.3954147217,0.7391025641,0.2608974359,1348,3060,2300,2534,2448,5470,0.0785547786,0.1783216783,0.134032634,0.1476689977,0.1426573427,0.3187645688,356,1490,1392,1885,2265,5295,992,1570,908,649,183,175
"lkch",183577,75995,2774180172,60137061,183577,135224,43529,620,1096,71,982,2055,183577,180411,3166,49085,68613,19528,178713,35372,0.7755328827,0.2244671173,21212,1456,80337,5550,3421,20024,1494,81390,7008,5871,0.9486386218,0.0044159745,0.7779625933,0.2101722481,0.7636092962,0.2096931602,0.7703883453,0.209919433,0.0758716578,0.0612957455,0.0692735468,0.241548486,0.1902998889,0.1905365441,0.1879920103,0.1346252803,0.1304029304,0.158174997,0.1543368418,0.4454639442,0.1328038723,0.0759945018,0.715389212,0.284610788,0.8339627824,0.1660372176,814,1777,1222,1888,2694,6168,0.0558950766,0.1220215615,0.083911282,0.1296436174,0.1849893566,0.423539106,355,1016,854,1517,2517,5886,459,761,368,371,177,282
"loui",693604,305835,997372560,34933418,693604,536462,130153,1625,9043,272,4308,11741,693604,682103,11501,186358,287012,100654,680882,39457,0.9815384571,0.0184615429,72533,4701,295535,21266,14792,68577,4226,304530,28726,28755,0.9186182545,0.0306784446,0.8231958883,0.3230261169,0.8144482909,0.2880512177,0.8184990222,0.3042469695,0.0519153088,0.048704548,0.0503625629,0.2183604986,0.2009928296,0.1863285953,0.1535365363,0.1070988594,0.076373526,0.1028011276,0.1235794161,0.463804157,0.1431466072,0.1016942603,0.6493038619,0.3506961381,0.7951985963,0.2048014037,3697,8270,6455,8872,9738,25658,0.0589727229,0.1319189663,0.1029669804,0.1415217738,0.1553357792,0.4092837773,1328,4357,4132,6388,8723,24923,2369,3913,2323,2484,1015,735
"ltrk",361474,161135,1996416793,95884135,361474,231365,115016,1513,4335,120,3945,5180,361474,352538,8936,90068,147942,57874,353753,38120,0.872676873,0.127323127,38715,2690,156938,9163,6824,37234,2365,162921,12633,12995,0.9444291246,0.0126790987,0.8472695388,0.3463790222,0.8406204027,0.3120995935,0.8437061559,0.3280081044,0.0490104565,0.0550386236,0.0519564786,0.2319515057,0.2061403509,0.2042227394,0.1771990341,0.1115049292,0.0796012981,0.1204288202,0.1332257253,0.4956670223,0.1964471967,0.1176162066,0.6088061538,0.3911938462,0.769201202,0.230798798,1922,4373,3154,4573,5334,9262,0.0671605283,0.1528059263,0.1102103571,0.1597945349,0.1863861905,0.3236424628,628,2230,1901,3451,4902,8901,1294,2143,1253,1122,432,361
"lubb",242628,100595,2329677242,3115562,242628,180199,18779,1405,2971,72,34402,4800,242628,176060,66568,54763,92516,37753,233046,32198,0.8745239626,0.1254760374,26549,1835,107702,6527,4286,24978,1805,108347,7900,7866,0.9372986787,0.008784929,0.7842229811,0.2984363767,0.7836584221,0.2814933977,0.7839250723,0.289495837,0.0554495998,0.061401995,0.0582787867,0.2583974703,0.2302311436,0.2297945205,0.173665899,0.173817929,0.1049029982,0.1086202295,0.1782566532,0.5261255908,0.2280579623,0.0665422169,0.5919300445,0.4080699555,0.8101056238,0.1898943762,1438,2511,2416,2857,3362,4931,0.0821010562,0.1433628319,0.1379389095,0.163117328,0.1919497574,0.281530117,598,1371,1683,2533,3202,4802,840,1140,733,324,160,129
"madi",426526,180398,3112893194,94332123,426526,380178,16449,1518,14296,254,6129,7702,426526,411924,14602,99923,173484,73561,411392,49223,0.8451044016,0.1548955984,40627,2859,194683,8977,7253,39105,2513,192122,10805,12686,0.8368777366,0.0415020904,0.9164603442,0.509633038,0.9263971283,0.4820335758,0.9215660857,0.4954518182,0.0435173435,0.0324162332,0.0381528613,0.0869443891,0.0823249355,0.077829157,0.0613266194,0.1071262376,0.0338600451,0.0640561588,0.0943504006,0.5385255998,0.2413965062,0.1333148821,0.5759781882,0.4240218118,0.7077902044,0.2922097956,1806,4252,3114,4035,4011,8712,0.0696490551,0.163979946,0.1200925569,0.1556112611,0.1546856922,0.3359814886,530,1740,1629,2598,3571,8285,1276,2512,1485,1437,440,427
"memp",897472,362954,1954232183,75366890,897472,424523,434127,1722,14925,493,10998,10684,897472,875150,22322,213444,338366,124922,878357,39593,0.9669393586,0.0330606414,108432,6787,394076,19722,13862,104624,6600,414052,27956,27804,0.9333416137,0.0208639706,0.8044768248,0.3213274215,0.8106041295,0.2913553436,0.8077934831,0.3051037889,0.0663730761,0.0697027233,0.0679986641,0.2682007183,0.2416037875,0.2454293438,0.1869928694,0.1308282626,0.1216878461,0.1471962007,0.1598416134,0.4876261085,0.1503064229,0.1291209123,0.6308080599,0.3691919401,0.7727227427,0.2272772573,3793,9071,7296,9538,10405,20101,0.0630024583,0.1506710518,0.1211879609,0.1584280114,0.1728290479,0.3338814697,1386,4917,4711,7132,9371,19004,2407,4154,2585,2406,1034,1097
"miam",2253362,852278,5040281893,1256644967,2253362,1570990,452333,4841,30692,605,102436,91465,2253362,961681,1291681,449333,776774,327441,2209089,35966,0.9929110369,0.0070889631,236681,15557,964362,72404,49792,227166,15584,988683,90454,87667,0.8842251338,0.0523582739,0.6820061811,0.2938962805,0.6757235094,0.267178967,0.678672386,0.2797191828,0.075799097,0.1002245386,0.0872908558,0.2321727627,0.2305230523,0.2340674456,0.2311441394,0.1566496514,0.176973672,0.2037984603,0.1797098261,0.4977230388,0.1644823458,0.1426835607,0.5784604016,0.4215395984,0.6544669217,0.3455330783,15606,33512,27344,38266,32915,26459,0.0896371093,0.1924848652,0.1570573572,0.2197906974,0.1890558408,0.1519741301,4763,14106,16016,26293,28260,24506,10843,19406,11328,11973,4655,1953
"milw",940164,400093,625636083,2455678596,940164,618516,229203,8245,22356,520,39051,22273,940164,857776,82388,198768,377729,178961,915688,38100,0.9967314213,0.0032685787,106191,7355,403005,26196,20924,101560,6489,415746,33986,40307,0.8651559796,0.0688789112,0.8026474128,0.3086352631,0.802301449,0.2881897675,0.8024620323,0.2976797945,0.0713189309,0.0665220132,0.068937252,0.2597797364,0.2624953166,0.2493155925,0.2011729542,0.1299352293,0.0762848465,0.0942827591,0.1526142092,0.4768973874,0.1377246469,0.0805499182,0.5262185323,0.4737814677,0.6545850784,0.3454149216,5387,11699,8938,11228,11426,33458,0.0655863446,0.1424344989,0.1088195188,0.1367001071,0.1391107432,0.4073487874,956,3139,3437,6075,8827,31331,4431,8560,5501,5153,2599,2127
"minn",1627235,675272,1845092366,166078052,1627235,1295803,135552,15240,97166,853,35358,47263,1627235,1554601,72634,429538,657365,227827,1588049,48716.5,0.9836059328,0.0163940672,171474,11004,723903,39207,32064,162970,10555,721897,49507,60657,0.8490587126,0.068508067,0.898484569,0.4651384141,0.8961667569,0.4252264934,0.8972771323,0.4443467731,0.0422087834,0.0369311732,0.0396784103,0.1277922078,0.1353764695,0.1298259593,0.1179111236,0.08108366,0.0532080475,0.0717593715,0.0900834924,0.4755264264,0.2284693678,0.1316271697,0.6534238969,0.3465761031,0.7233208939,0.2766791061,7060,18709,14454,17266,15128,45556,0.0597429193,0.1583187361,0.1223122033,0.146107825,0.1280157058,0.3855026106,1975,7773,7441,11284,12776,44228,5085,10936,7013,5982,2352,1328
"mobi",399843,165101,3193690623,1064308706,399843,251985,133662,2698,5256,128,1312,4802,399843,395429,4414,103402,150179,46777,392003,33710,0.8030401933,0.1969598067,46234,3166,170861,11679,7423,45569,3015,180929,14766,14185,0.9527369465,0.0075990369,0.763576949,0.2433131041,0.7703573129,0.2361954064,0.7672215959,0.2394871303,0.068144056,0.0837726592,0.0755354752,0.2968868641,0.3146396009,0.274234013,0.2207924893,0.1562917367,0.133106194,0.1632103689,0.1850725632,0.4194283062,0.120162015,0.0862289959,0.6885250268,0.3114749732,0.8139259349,0.1860740651,2039,4275,3486,4864,6685,11568,0.0619436765,0.1298721026,0.105902725,0.1477655922,0.203086551,0.3514293526,943,2358,2422,3815,6124,11130,1096,1917,1064,1049,561,438
"mode",446997,150807,3868899889,54072211,446997,308678,10550,5224,18392,1804,75591,26758,446997,305071,141926,89911,145146,55235,440454,40101,0.9095765743,0.0904234257,59569,4328,199915,11059,8293,56984,3647,200563,13252,13915,0.9188688892,0.0096668606,0.7022487066,0.2156663599,0.7047852761,0.1987224829,0.703577017,0.2067934598,0.1026369882,0.133119424,0.116445849,0.2219071046,0.2200107585,0.2127787325,0.1964806171,0.145910609,0.0841742453,0.0929565133,0.1598487016,0.4916871645,0.1805926189,0.0534197114,0.6194521378,0.3805478622,0.7519251732,0.2480748268,2696,4781,4151,5172,4838,6801,0.0947993952,0.1681142094,0.1459615317,0.1818629347,0.1701184992,0.2391434298,1219,2349,2820,4052,4400,6544,1477,2432,1331,1120,438,257
"mont",223510,95437,2045477293,25880189,223510,109367,108713,666,1779,80,704,2201,223510,221033,2477,55126,86068,30942,212277,35962,0.8814683907,0.1185316093,24304,1692,96639,5888,3945,23895,1653,100467,8099,8472,0.9512806495,0.0074992521,0.8052959024,0.3442949523,0.8002339519,0.3284659061,0.8025710688,0.3357742214,0.0599251648,0.0697317863,0.0648369359,0.2599736669,0.2680412371,0.2705408805,0.2245711788,0.1461207889,0.1249456128,0.1507970702,0.1734007924,0.4811894982,0.1996252792,0.1112007879,0.6404935632,0.3595064368,0.7757268866,0.2242731134,1089,2950,2044,2696,3962,5625,0.0592943483,0.1606228901,0.1112926059,0.146792987,0.2157247087,0.30627246,427,1570,1328,2058,3533,5331,662,1380,716,638,429,294
"musk",170200,68556,1318605774,2460955731,170200,138430,24037,1248,745,47,1950,3743,170200,164425,5775,49238,63330,14092,164207,38008,0.7387485311,0.2612514689,20000,1348,75505,5042,3819,18693,1408,72787,6253,6794,0.9437221397,0.0055322649,0.828646348,0.2282625219,0.8325094141,0.2208341513,0.8306384075,0.2244319489,0.0547890091,0.053402792,0.0541239335,0.2007225306,0.1510878324,0.1777106577,0.1247794303,0.097869152,0.0629892918,0.1027088036,0.1141973241,0.4142334041,0.1272397255,0.0466064575,0.7774830254,0.2225169746,0.8199352483,0.1800647517,698,1713,1767,2109,2158,6072,0.0480815596,0.1179995867,0.1217193635,0.14527795,0.148653303,0.4182682372,280,1012,1088,1613,1942,5968,418,701,679,496,216,104
"nash",569891,252977,1300859318,61767811,569891,382008,147862,1978,11691,400,13535,12417,569891,544294,25597,131384,237405,106021,546390,39797,0.9544895427,0.0455104573,55032,3071,251568,14217,9745,51901,3232,254780,19653,19928,0.91948388,0.0176166165,0.8096041335,0.3639292999,0.820231823,0.3440212755,0.8152112333,0.3534259558,0.0524454262,0.0512986791,0.0518993801,0.2160851408,0.2378962536,0.1959585468,0.1638355294,0.1118500437,0.0887549117,0.1243956523,0.1298706052,0.5446834651,0.2536017479,0.1745276727,0.5534171563,0.4465828437,0.744869348,0.255130652,2699,6846,4704,6509,6262,15421,0.063594166,0.161306284,0.1108362197,0.1533658491,0.147546005,0.3633514762,623,3309,2675,4530,5508,14968,2076,3537,2029,1979,754,453
"new",180150,74117,176881042,131458568,180150,96706,70149,803,4212,193,2824,5263,180150,172709,7441,36528,69686,33158,174307,36597,0.9997280044,0.0002719956,21289,1287,79926,3968,2934,20911,1131,82060,5678,5584,0.9168424469,0.0278621265,0.8522021181,0.2864512095,0.8389101095,0.2588914354,0.8450896142,0.2717040778,0.0451259448,0.0547998092,0.0497267405,0.2394586895,0.1954269382,0.2159129937,0.1714545964,0.112496659,0.0775039329,0.1240572172,0.1378430011,0.545470985,0.3140382285,0.1894850419,0.5241798927,0.4758201073,0.7390046296,0.2609953704,810,1909,1420,1708,1685,4564,0.0669642857,0.1578207672,0.1173941799,0.1412037037,0.1393022487,0.3773148148,163,855,816,1150,1531,4424,647,1054,604,558,154,140
"no",484674,215091,467638563,439413285,484674,136241,325216,1495,10503,112,4376,6731,484674,469642,15032,87535,188251,100716,468453,27133,0.9932944618,0.0067055382,54804,3692,206142,12227,9312,52222,3818,221731,17074,18188,0.7642220844,0.1367386846,0.737356491,0.3029216956,0.7547240843,0.2859224716,0.7468725879,0.2936074366,0.0962446053,0.0928203166,0.0944864582,0.4260227622,0.4463077376,0.4244460588,0.3647817236,0.2396271746,0.1914480078,0.1957931362,0.2794218417,0.4320813567,0.1454246811,0.0849384268,0.4649908898,0.5350091102,0.6344036344,0.3655963656,2409,5182,4257,5545,7271,14297,0.0618310618,0.1330047997,0.1092631093,0.142321809,0.18662252,0.3669567003,494,1451,1650,2890,5856,12376,1915,3731,2607,2655,1415,1921
"nor",234403,94416,139155107,110271113,234403,113015,102610,1063,7007,203,3808,6697,234403,225622,8781,39271,86210,46939,210605,31815,1,0,24494,1171,109466,5471,4516,23549,1267,99337,7544,8069,0.8096946013,0.0458856383,0.8057573849,0.2458409499,0.7634943486,0.243974401,0.7838353369,0.2448727617,0.0560361889,0.0887115165,0.0699740597,0.2883798263,0.2694334651,0.3051768215,0.2573144169,0.1679465573,0.123680713,0.1416917132,0.1939982432,0.5733043183,0.3377360916,0.2198303171,0.455527201,0.544472799,0.7013237884,0.2986762116,988,2023,1647,2398,2772,7773,0.0561331743,0.1149366513,0.0935742287,0.136242259,0.1574910516,0.4416226351,195,604,655,1418,2196,7276,793,1419,992,980,576,497
"nwk",793633,301011,327029640,8528767,793633,352937,325185,1870,29468,458,54334,29381,793633,670863,122770,129489,283736,154247,771556,44944,0.9995930109,0.0004069891,89003,5387,339949,21318,15314,85662,4989,358857,28634,29561,0.7344811617,0.1864180078,0.7526837816,0.3286377788,0.7584663894,0.3047361503,0.7558190704,0.3156784859,0.0939389896,0.0916206412,0.0927915372,0.2132385845,0.2135601828,0.2170210969,0.1929719603,0.1396685668,0.1079148516,0.1378251225,0.1555376408,0.4207927379,0.1647074956,0.0981051843,0.4563714157,0.5436285843,0.5669831396,0.4330168604,2987,8214,6513,10205,10478,22693,0.0488950728,0.134457358,0.1066131936,0.1670486168,0.1715174333,0.3714683254,551,1723,1689,3947,7059,19668,2436,6491,4824,6258,3419,3025
"ny",8931737,3550357,1906581212,603010464,8931737,4236103,2245295,39290,829861,5060,1144212,431916,8931737,6625657,2306080,1114898,3358730,2243832,8756707,44734.5,0.9964295859,0.0035704141,934833,55506,3814869,238041,171242,892294,53421,4048198,327585,331802,0.3736456774,0.4897775082,0.7377027098,0.3514495362,0.7323935503,0.3325754237,0.734816125,0.3411876997,0.0853867166,0.0946457608,0.0898562576,0.278306161,0.2925187133,0.2944110942,0.2713392752,0.1746185672,0.1605661508,0.1714099175,0.1996075694,0.3894150203,0.1764079698,0.1043958536,0.3319403465,0.6680596535,0.4314410394,0.5685589606,26490,78234,70807,116293,157777,256667,0.0375070087,0.1107709821,0.1002551439,0.1646584583,0.2233953683,0.3634130387,6198,20744,18839,43317,66286,149329,20292,57490,51968,72976,91491,107338
"oakl",1443741,540183,1910302974,216454242,1443741,702440,212442,9095,293807,9188,129549,87220,1443741,1169854,273887,286306,523366,237060,1419998,55946,0.9943403976,0.0056596024,154264,9272,648895,33456,26583,146437,8801,647183,42784,44840,0.8015024083,0.1063086418,0.8263189145,0.4294767127,0.8209950526,0.4055773468,0.8235522944,0.4170570694,0.0548938613,0.0550055037,0.0549461919,0.1239781301,0.1346910665,0.144562845,0.144552389,0.1044949047,0.0721032662,0.0905705171,0.1104255076,0.4922319268,0.2404256141,0.1102270348,0.5470473818,0.4529526182,0.7076586289,0.2923413711,5074,11881,9880,12959,16780,34330,0.0558171258,0.1306983191,0.1086860864,0.1425569832,0.1845903371,0.3776511485,1547,4225,4339,7846,13870,32502,3527,7656,5541,5113,2910,1828
"okla",660448,295020,1836542444,23878647,660448,463769,98107,21088,18171,283,29110,29920,660448,603458,56990,161158,266834,105676,643433,35063,0.9363765202,0.0636234798,72106,4873,288147,18806,13192,68390,4362,291507,24023,24773,0.9346058782,0.0084279055,0.8254826449,0.3306954618,0.8250006751,0.2827057584,0.8252281838,0.305358785,0.04723723,0.0553182052,0.0510182594,0.2521153846,0.245406547,0.2308838765,0.1820180259,0.1366918321,0.0752996352,0.098945661,0.152533364,0.5229293272,0.2112676976,0.1281650011,0.6039635129,0.3960364871,0.8100714378,0.1899285622,4127,7466,5855,8220,9756,18749,0.0761818618,0.1378177321,0.1080796707,0.1517361047,0.1800897126,0.3460949181,1551,4163,4077,6620,9269,18204,2576,3303,1778,1600,487,545
"olym",207355,86652,1882977071,120732807,207355,177035,4783,3144,9424,1205,3643,8121,207355,198288,9067,54364,81625,27261,203619,46975,0.7534084059,0.2465915941,21485,1632,91255,5443,4461,20855,1741,92647,6421,7128,0.8985502941,0.0216267601,0.8925125613,0.4082950587,0.8973645557,0.3496412632,0.8950444408,0.3776881919,0.0564038145,0.0603209211,0.0582861554,0.1265832932,0.1104722793,0.1013071895,0.0882544861,0.0892166977,0.0425513844,0.058101173,0.0883611058,0.5185942453,0.2610797454,0.1384229696,0.6660214395,0.3339785605,0.7882284683,0.2117715317,1408,2959,2591,3191,2762,2601,0.0907684373,0.1907555441,0.1670319752,0.2057117071,0.1780556988,0.1676766374,606,1797,1927,2766,2656,2475,802,1162,664,425,106,126
"oma",463585,192672,857229815,22331145,463585,375016,52214,3265,7912,154,16111,8913,463585,432595,30990,115199,182194,66995,452466,43209,0.9755384665,0.0244615335,52188,3671,206674,11721,8472,50262,3309,206138,14809,15771,0.928318954,0.0163598664,0.8680957775,0.3871850221,0.8775776149,0.3470456882,0.8730363455,0.3662701825,0.0393960497,0.0390757816,0.0392431283,0.1440507318,0.1673793525,0.138186531,0.1159386973,0.0878912558,0.062089483,0.0837334797,0.0984670671,0.4741352218,0.1957649787,0.1372820158,0.6322875616,0.3677124384,0.762198724,0.237801276,2091,4311,3832,5244,5843,12535,0.0617615784,0.1273334121,0.1131852552,0.1548913043,0.1725838847,0.3702445652,642,1880,2293,3629,5249,12112,1449,2431,1539,1615,594,423
"orla",896344,361349,2350283150,250554236,896344,615706,161558,2862,28748,853,52568,34049,896344,728153,168191,204230,336286,132056,877091,41311,0.9659840418,0.0340159582,97364,6328,405580,21884,14977,93068,6158,400779,27636,25488,0.9209715858,0.0248632555,0.8186321313,0.3595375349,0.8170500191,0.3257553967,0.8178177707,0.3421488553,0.0463870585,0.0545797563,0.0502146305,0.1787051899,0.1587892522,0.1747901748,0.1521349824,0.1073229776,0.0850616852,0.1023536741,0.1211197014,0.5774853434,0.2981310615,0.181585491,0.6073104441,0.3926895559,0.7959943533,0.2040056467,4844,11037,8386,12452,8543,11408,0.0854773249,0.1947591318,0.1479795306,0.2197282513,0.1507499559,0.2013058055,2152,6694,6442,10887,7841,11093,2692,4343,1944,1565,702,315
"phil",1517550,661958,349881748,19544394,1517550,684603,653364,4413,65171,790,71990,37219,1517550,1389250,128300,349651,590071,240420,1468404,30746,1,0,164963,10332,625372,44859,35036,157620,9837,678034,63190,71059,0.6203846876,0.2543803454,0.713337344,0.2354380025,0.7112578419,0.2133952183,0.7121808492,0.2231791239,0.112328844,0.1057498014,0.1089635961,0.3258009093,0.3399728603,0.3294724745,0.2894882983,0.2060625848,0.1608327936,0.1783524963,0.2289404006,0.3809568747,0.1235414376,0.0853626502,0.5925575058,0.4074424942,0.7371340274,0.2628659726,6652,15196,12669,20095,22598,70991,0.0448849873,0.1025364201,0.0854852531,0.1355928772,0.152482102,0.4790183602,1588,4769,5523,12162,18322,66880,5064,10427,7146,7933,4276,4111
"phoe",3072149,1250231,23836016480,54722478,3072149,2375391,111584,55177,66294,3811,365320,94572,3072149,2308816,763333,764563,1132886,368323,3027299,45358,0.9705496055,0.0294503945,360080,20969,1379272,87537,67090,343283,20142,1334043,102324,101883,0.899128439,0.0209471845,0.8178247405,0.3534952617,0.8318876447,0.3050696155,0.8250136825,0.3287401219,0.0467262414,0.047687155,0.0471536684,0.1803810796,0.1688314379,0.1586985511,0.1369968417,0.1077506762,0.0646073676,0.0840761277,0.1174869083,0.5844164601,0.2432038194,0.2196502693,0.6748807912,0.3251192088,0.8256434551,0.1743565449,25082,57020,42434,47678,32520,25352,0.1090114131,0.2478203802,0.1844266926,0.2072181706,0.1413384561,0.1101848874,14651,41900,35455,42496,30886,24581,10431,15120,6979,5182,1634,771
"pitt",1281666,583646,1891131054,37652307,1281666,1080811,158002,1644,20851,650,4407,15301,1281666,1270049,11617,360021,537150,177129,1246610,38329,0.9728728077,0.0271271923,119947,8224,517823,48528,40540,113434,7697,535558,64054,75163,0.8213808593,0.1048918027,0.8700809035,0.3899069291,0.8575564862,0.3250628199,0.8632854974,0.3547242897,0.0620179616,0.059564916,0.0608402381,0.1735818916,0.1668829484,0.163828732,0.1223273306,0.1033581077,0.0751758975,0.1053950666,0.1119074931,0.3544733712,0.1076855094,0.0633325624,0.6702429489,0.3297570511,0.7513495033,0.2486504967,6869,15772,12148,18452,19978,78874,0.0451631568,0.10369971,0.0798721835,0.1213205078,0.1313538427,0.5185905992,1540,4971,5693,10666,16528,74877,5329,10801,6455,7786,3450,3997
"port",998877,425515,5965790681,106851914,998877,829994,38038,8769,45394,3127,34804,38751,998877,932382,66495,245929,400299,154370,980706,46679,0.9164171364,0.0835828636,101098,6659,449005,24272,20530,95411,6235,438521,29726,36823,0.8129013369,0.0844460555,0.8649683368,0.3769929668,0.8697555191,0.3499837245,0.8674284912,0.3631127965,0.0642725793,0.0539312044,0.059504111,0.1510019122,0.1387201465,0.1295160704,0.1161025912,0.1004934586,0.0728579719,0.091282299,0.105719757,0.5275057131,0.2595031937,0.1530520258,0.6143632635,0.3856367365,0.7393413539,0.2606586461,5835,12024,9562,11020,11737,21970,0.0808754227,0.1666574264,0.1325331264,0.1527415867,0.1626794922,0.3045129456,1711,5669,6061,8134,10695,21072,4124,6355,3501,2886,1042,898
"prov",621602,253214,1070356682,58423658,621602,487062,38908,3245,18319,375,50580,23113,621602,538598,83004,127531,239936,112405,595706,36950,0.9400967178,0.0599032822,64753,4433,262082,18653,16464,60215,3732,268615,24098,31690,0.8922171075,0.0331820616,0.7259991627,0.2975427522,0.723344967,0.2627682517,0.7245696284,0.2788134103,0.0610453194,0.063575057,0.0622760284,0.2515038291,0.2522414824,0.2389763329,0.1912609083,0.1317947478,0.1086460808,0.1459940791,0.1547139025,0.4336714225,0.1515332312,0.1229516628,0.5315209056,0.4684790944,0.5931438727,0.4068561273,3549,8493,5963,9026,7616,23870,0.0606490422,0.1451373105,0.1019020114,0.1542457747,0.1301502128,0.4079156484,560,1881,1619,3604,5702,21343,2989,6612,4344,5422,1914,2527
"ral",627846,258953,2154672822,65609320,627846,453928,123058,2271,20722,317,16484,11066,627846,593711,34135,159456,242040,82584,609489,54988,0.8810552269,0.1189447731,68987,4037,292082,11950,6526,65666,4009,289643,14356,13289,0.9229035859,0.0122651372,0.8870703095,0.537040918,0.8989973346,0.4942746072,0.8932143025,0.5150106201,0.03827951,0.0397223035,0.0389406533,0.0966420598,0.1028705462,0.0885100292,0.0782788253,0.0731620986,0.0704295704,0.1161691957,0.0782376712,0.5828590444,0.3247978483,0.2241285263,0.6588001983,0.3411998017,0.7854576561,0.2145423439,2060,4694,3651,4990,4913,8917,0.0704875962,0.160615911,0.1249272883,0.1707442258,0.1681094953,0.3051154833,965,2675,2490,3967,4457,8401,1095,2019,1161,1023,456,516
"rich",197790,92282,155581363,6418229,197790,76204,112655,511,2438,115,2972,2895,197790,192551,5239,39010,84549,45539,188116,31121,1,0,18581,1087,82328,5389,4009,18400,1110,88971,7918,9175,0.831136701,0.0826998336,0.7539735725,0.3420279396,0.7500071065,0.315600216,0.7518027303,0.3275640776,0.0746480905,0.0855846934,0.08022503,0.3338560581,0.3697853382,0.3529372273,0.3038608198,0.1834362242,0.1609756098,0.1551724138,0.213618193,0.5202962579,0.2671715782,0.1097966868,0.4613892536,0.5386107464,0.6428453992,0.3571546008,1290,2740,1927,2720,2933,6637,0.0706965529,0.1501616704,0.1056064011,0.1490655998,0.1607387516,0.3637310243,187,643,638,1660,2442,6160,1103,2097,1289,1060,491,477
"rive",1545387,584674,18666999221,248019369,1545387,1011508,95638,18277,54648,3719,289080,72517,1545387,986059,559328,348479,506218,157739,1511153,42887,0.9315116537,0.0684883463,202910,12747,682723,47306,38064,193062,11861,667831,55811,53652,0.9107949658,0.0137896348,0.7417492003,0.2500428984,0.7568198529,0.2204410732,0.7495010812,0.2348166286,0.0689934797,0.0825777102,0.0750259403,0.2058435099,0.2003502496,0.1939458064,0.1723377979,0.1303854783,0.0684447395,0.0842838821,0.1416693081,0.532670326,0.2448582571,0.0749309046,0.6883970937,0.3116029063,0.8196994992,0.1803005008,13738,28553,22583,30534,16144,11243,0.1118775194,0.2325257543,0.1839081396,0.248658333,0.1314711511,0.0915591026,8386,20278,18600,27502,15126,10763,5352,8275,3983,3032,1018,480
"roch",735343,304388,1707563493,1829338448,735343,580413,99183,2409,17744,169,18597,16828,735343,696797,38546,186458,286512,100054,711296,44891,0.9304555833,0.0695444167,80967,5279,316653,20666,17166,76314,5052,322991,25994,31873,0.904541489,0.0273057426,0.8542766299,0.4312883933,0.8434897797,0.3891947654,0.8485010158,0.4087501595,0.0681217274,0.0517903271,0.0602031251,0.176088044,0.1836967809,0.1705691105,0.1293946095,0.0991022986,0.0636175991,0.085767174,0.1115021032,0.4260950866,0.1227489968,0.0639659468,0.6507860055,0.3492139945,0.7186196309,0.2813803691,3752,8049,6228,8790,9175,23932,0.062610553,0.134315656,0.1039281781,0.1466809065,0.1531054968,0.3993592097,912,2864,3008,5791,7570,22919,2840,5185,3220,2999,1605,1013
"sacr",1223499,474814,2501026086,77260881,1223499,782129,119526,13386,134881,6269,90509,76799,1223499,1027886,195613,263811,453602,189791,1201917,43816,0.9762370055,0.0237629945,146280,9063,542082,31946,24519,137471,8788,545914,39247,39791,0.8971509015,0.0307695176,0.8321378268,0.3579776271,0.8331299015,0.3189695643,0.8326575947,0.3375405184,0.0721936387,0.0599942262,0.0663633607,0.2095436169,0.2367803838,0.2146817101,0.1879631371,0.125801678,0.0625426524,0.0703812805,0.1412610022,0.52539853,0.2041010519,0.0799498262,0.581591351,0.418408649,0.760080856,0.239919144,6614,13102,10046,14323,15659,26335,0.0768363945,0.1522090173,0.1167067461,0.1663936616,0.181914288,0.3059398924,2241,6003,6158,11008,14408,25609,4373,7099,3888,3315,1251,726
"salt",898387,310988,1909799816,182340759,898387,774437,8667,7541,23211,10334,49026,25171,898387,792147,106240,203690,295141,91451,883946,48373,0.9883446666,0.0116553334,116813,7731,422845,17288,13461,109253,6978,403066,20672,21055,0.8945641741,0.0349545286,0.8596164271,0.3797981237,0.8768872408,0.3181860675,0.8683195506,0.3487505226,0.0441179898,0.0471617177,0.0454847022,0.1091668777,0.1004694836,0.0937518083,0.0806608909,0.0761902667,0.0516147943,0.0579830896,0.0799980994,0.4999456132,0.1912362673,0.144627377,0.6901447105,0.3098552895,0.8227912498,0.1772087502,2943,6333,4923,6330,7077,19570,0.0623834153,0.1342419875,0.1043539088,0.1341783958,0.1500127183,0.4148295744,1037,3562,3594,5101,6579,18943,1906,2771,1329,1229,498,627
"sana",1392931,521359,3229259925,25479822,1392931,960283,97705,9547,22586,1130,247694,53986,1392931,635927,757004,299171,488942,189771,1359271,38328,0.9404902325,0.0595097675,169284,11142,616839,34713,24007,163202,10125,631778,44409,41185,0.9045257132,0.0330487283,0.7763195821,0.3120251848,0.7630440434,0.2645939298,0.7692825947,0.2868832185,0.0539755794,0.0590267912,0.0563242112,0.2488023203,0.2489164917,0.233315694,0.1971564799,0.132929732,0.1088599823,0.1389435422,0.1587144874,0.4883056744,0.178486679,0.1089525356,0.61187421,0.38812579,0.7860982569,0.2139017431,6413,12797,10768,14737,17409,31447,0.0685361918,0.1367624585,0.1150783897,0.1574953778,0.1860512338,0.3360763484,2318,6396,6925,11318,16286,30313,4095,6401,3843,3419,1123,1134
"sanb",1709434,601369,51935723751,136803389,1709434,1003797,151879,19054,79103,5019,356920,93662,1709434,1039532,669902,341014,528594,187580,1662617,42066,0.9435760608,0.0564239392,239214,14446,789304,36887,24199,227071,14335,774683,44745,39616,0.9111305768,0.0191693436,0.7402556966,0.243330409,0.7438103413,0.2268124045,0.7420919724,0.2347974571,0.07382927,0.090941008,0.0814490157,0.2354875234,0.2226094185,0.2121434096,0.1879531161,0.140427183,0.0791420301,0.0894562367,0.1584321585,0.5178995681,0.2188955999,0.0724664935,0.6451340727,0.3548659273,0.7987290009,0.2012709991,8094,16238,13209,19793,14611,18535,0.0894562334,0.1794650752,0.1459880637,0.2187555261,0.1614832007,0.204851901,3853,9627,9805,17204,13871,17909,4241,6611,3404,2589,740,626
"sand",2813833,1040149,10877666909,843363020,2813833,1867337,158371,23513,248653,13482,362705,139772,2813833,2062842,750991,551489,994677,443188,2722408,47067,0.9613488078,0.0386511922,312447,19370,1278219,72586,60243,298797,18185,1221912,89073,91800,0.8691053426,0.0336721039,0.8370802994,0.3938806098,0.8151038308,0.3494681431,0.8258364081,0.3711577165,0.0516804255,0.0606296196,0.0556151716,0.1737702358,0.1819447779,0.1737319275,0.1584519865,0.1157711572,0.0631653744,0.0724212895,0.1243013538,0.5486798043,0.2033603314,0.1327851205,0.5544402856,0.4455597144,0.7533760062,0.2466239938,15876,35466,24413,41474,36691,42614,0.0807799159,0.1804573255,0.1242176926,0.2110270996,0.1866903437,0.2168276227,6955,18115,15400,33094,33471,41029,8921,17351,9013,8380,3220,1585
"sanf",776733,346527,120938107,479723545,776733,385325,59060,3524,239938,3581,49990,35315,776733,667168,109565,115315,329700,214385,765356,55221,1,0,48752,3332,350621,24924,19466,45406,2867,319154,29805,32763,0.5128621704,0.3113369155,0.8301088431,0.5230853211,0.7931694687,0.4874239869,0.811909937,0.5055160665,0.0474783028,0.0440819007,0.0459336393,0.1308143409,0.1263297872,0.1457966698,0.149064876,0.1090471881,0.0981273132,0.1122350199,0.1131303603,0.4584510159,0.261152015,0.1595413398,0.3497573552,0.6502426448,0.5172926413,0.4827073587,3088,8844,8819,11908,12978,22976,0.0450060484,0.1288968563,0.1285324938,0.1735531168,0.1891478291,0.3348636556,570,2064,2083,4332,7672,18772,2518,6780,6736,7576,5306,4204
"sanj",1682585,579329,3342865290,34494463,1682585,902150,45076,11233,430201,5793,204367,83765,1682585,1278573,404012,338636,565863,227227,1653531,74335,0.9875168268,0.0124831732,181088,10667,784456,39747,27287,171847,10317,738866,47877,44352,0.8954962258,0.0351273393,0.8435175937,0.5123680561,0.824419194,0.4447735549,0.8339709162,0.4785797326,0.0358445876,0.0428838064,0.0389040335,0.0817389804,0.0880040154,0.0882644907,0.0989721419,0.0715216744,0.0565479275,0.0730381191,0.0752752745,0.4883553656,0.2081789283,0.1321624124,0.5984416723,0.4015583277,0.7658642372,0.2341357628,4859,11892,9016,13678,17793,34525,0.0529516254,0.1295947168,0.0982531086,0.1490578992,0.1939016815,0.3762409686,1659,4912,4495,9492,16122,33598,3200,6980,4521,4186,1671,927
"seat",1737034,742237,5506429437,467451370,1737034,1312830,91538,15728,187788,8270,44239,76641,1737034,1641784,95250,425451,710916,285465,1706305,53157,0.9625971627,0.0374028373,167487,11125,788528,40946,34202,158660,10048,766621,48678,58059,0.8074668989,0.0957554046,0.9035247124,0.4952118085,0.9018003733,0.4548948681,0.9026464997,0.4746782307,0.0459024109,0.0433139879,0.0447132494,0.1060886508,0.1019105312,0.0984531062,0.0939312895,0.0797939487,0.0688802464,0.0790668509,0.0835407503,0.5235327735,0.2236062168,0.1639579236,0.5984546698,0.4015453302,0.7296257761,0.2703742239,8946,19441,14019,19285,18360,37205,0.0762946033,0.1657996179,0.1195589138,0.1644691956,0.1565804735,0.3172971959,2663,8604,8195,13718,16479,35894,6283,10837,5824,5567,1881,1311
"shr",350471,148582,4458002544,213911523,350471,206888,132573,1529,3065,175,2183,4058,350471,343848,6623,87988,134602,46614,341854,35335,0.8076074768,0.1923925232,39893,2653,149339,10224,7151,38494,2740,156372,13765,13620,0.9378120927,0.0181757412,0.8014153511,0.2467758697,0.7964232089,0.2388414015,0.7987132687,0.242481203,0.0758312586,0.0844346365,0.0799719989,0.313599014,0.2974422442,0.2819794287,0.2420695093,0.1588743791,0.1284505125,0.1826768273,0.1903941449,0.4616130914,0.1815879156,0.1023855577,0.6536901383,0.3463098617,0.8110430288,0.1889569712,1836,3878,3079,4389,6201,9830,0.0628487317,0.1327491185,0.1053982816,0.1502413309,0.2122685106,0.3364940266,762,2189,2061,3427,5796,9458,1074,1689,1018,962,405,372
"spok",417939,175005,4567796041,44250985,417939,381356,6325,5740,7444,695,3375,13004,417939,406474,11465,107166,163611,56445,404764,37308,0.8606447352,0.1393552648,44832,2996,183699,11429,9862,43070,3061,182019,13999,16931,0.8904573864,0.0279034494,0.8908046425,0.3689834987,0.8911474274,0.3345484206,0.8909826143,0.3511050148,0.0844801976,0.0718547786,0.0785427174,0.1814553383,0.1680117388,0.144656586,0.1281068682,0.1205656185,0.0738408471,0.0878571716,0.1231804212,0.4916129991,0.1963798077,0.1221212913,0.6550048591,0.3449951409,0.7603484548,0.2396515452,2542,5751,4760,5408,5368,9920,0.0753207502,0.170405049,0.141041216,0.1602417849,0.1590565646,0.2939346351,766,2878,3380,4044,4976,9617,1776,2873,1380,1364,392,303
"staa",2846289,969484,2044547652,410699725,2846289,1842895,44256,17664,386344,8530,425361,121239,2846289,1969838,876451,574193,935287,361094,2803533,58820,0.9980841721,0.0019158279,335717,19239,1298674,66792,48031,319682,17699,1268810,81313,82669,0.8981192356,0.0281106282,0.7952091003,0.4170705555,0.7940925687,0.3570414519,0.7946357673,0.3862459304,0.0480216169,0.0532199787,0.0503285995,0.1396786873,0.1424288189,0.13711326,0.1304904256,0.095720703,0.0513782073,0.0743909243,0.1032536446,0.5202924471,0.1867939924,0.0900787416,0.613921716,0.386078284,0.7879342837,0.2120657163,13151,30081,20519,31847,35269,38406,0.0776910671,0.1777070177,0.1212183869,0.1881398687,0.208355733,0.2268879266,6284,16715,13711,26214,32883,37569,6867,13366,6808,5633,2386,837
"stlo",348189,176354,160381752,10942983,348189,152400,177627,1050,7075,103,2724,7210,348189,341444,6745,68917,147076,78159,339323,27156,1,0,38205,2493,146991,9116,7646,37111,2344,153447,13952,17037,0.8247280581,0.1070999737,0.7251279108,0.250180609,0.7027393635,0.2212995434,0.7129321337,0.234448144,0.1172402682,0.1078734364,0.1125322846,0.3823094969,0.3942869996,0.3940908239,0.3246730293,0.2092543915,0.1703664553,0.1773275063,0.2457481515,0.4927255988,0.199317053,0.1105431861,0.4685808698,0.5314191302,0.611639473,0.388360527,2323,4706,3672,5058,5201,13423,0.0675624582,0.1368699648,0.1067969636,0.1471075822,0.1512666143,0.3903964168,363,1071,1162,2328,3905,12201,1960,3635,2510,2730,1296,1222
"stoc",563598,189160,3624124428,69844755,563598,326314,36829,5679,65065,1785,93059,34867,563598,391571,172027,109671,181629,71958,547298,41282,0.9008353472,0.0991646528,74252,5011,255680,13834,11132,71178,4603,248436,16953,17563,0.9160039133,0.014347303,0.7061394807,0.225484239,0.7181579681,0.2176471954,0.7123469596,0.2214364515,0.0991689296,0.1084799768,0.1033756482,0.2582755432,0.252265389,0.238698522,0.2303367853,0.156926816,0.0937870602,0.1076304612,0.1774261919,0.488072847,0.1971469549,0.0588320226,0.6038187734,0.3961812266,0.7392555641,0.2607444359,3212,5782,4535,6046,6164,10745,0.0880385923,0.1584804298,0.1243010635,0.1657164785,0.1689507729,0.2945126631,1141,2638,2837,4556,5546,10253,2071,3144,1698,1490,618,492
"stpe",921482,481573,724980947,848878459,921482,791372,82384,2903,18783,226,9278,16536,921482,879354,42128,293869,414968,121099,903216,37111,0.9989538591,0.0010461409,75797,5039,352741,43519,42031,72394,4658,360558,53684,68949,0.9074111675,0.0193896686,0.8389494284,0.3299166617,0.8411189032,0.2828692084,0.8401122878,0.3046987731,0.0452095069,0.0396196513,0.0425175145,0.157293917,0.1627010355,0.1481865453,0.1254494268,0.0918839496,0.0739142192,0.0901656714,0.0997092611,0.4962274181,0.219182786,0.1597751737,0.7081726784,0.2918273216,0.8291408132,0.1708591868,12243,28643,23663,35767,22751,13923,0.089371487,0.2090882546,0.1727352361,0.2610920505,0.1660778159,0.1016351559,7088,20107,19163,32006,21641,13579,5155,8536,4500,3761,1110,344
"syra",458336,196633,2020950659,65785744,458336,388244,42096,4104,9593,104,4076,10119,458336,447610,10726,116815,181153,64338,445363,40847,0.8660895064,0.1339104936,50298,3361,193443,14649,10915,48226,3351,201491,17883,19955,0.8991712577,0.0262702815,0.8600274257,0.4007269983,0.8537529779,0.3722994336,0.8566655665,0.3854954633,0.0594315245,0.0480218084,0.0538981137,0.1988013349,0.1706526771,0.1635113167,0.1213187903,0.1173456287,0.0615668145,0.0818047649,0.1217164425,0.4228371005,0.1408842487,0.0709531833,0.6448416532,0.3551583468,0.7411408088,0.2588591912,2112,4832,3626,5672,5647,19678,0.0508095364,0.1162460606,0.0872326605,0.1364543989,0.1358529603,0.4734043833,605,1481,1668,3717,4659,18677,1507,3351,1958,1955,988,1001
"taco",700820,277060,4348366146,330437071,700820,548941,48741,9472,34671,5075,14879,39041,700820,662243,38577,165623,260800,95177,680056,45204,0.9214648555,0.0785351445,82105,5600,318554,17228,12670,76771,5129,310880,20846,20642,0.8966279661,0.0270872843,0.8755001046,0.300216073,0.8622527038,0.2739031038,0.8686930297,0.2866953565,0.0576761288,0.0659884211,0.0614499953,0.1575915372,0.1322874494,0.1384715467,0.1187444851,0.096330567,0.0592287234,0.0871901487,0.1048678344,0.5311243916,0.247532949,0.1431434798,0.6350575153,0.3649424847,0.7733281409,0.2266718591,3835,8487,6405,7469,7428,12597,0.0829709439,0.183617836,0.1385733757,0.1615932152,0.1607061725,0.2725384565,1573,4459,4715,5996,6921,12080,2262,4028,1690,1473,507,517
"tamp",998948,425962,2721840817,557661120,998948,750497,147966,4175,21571,540,46587,27612,998948,819311,179637,251023,391357,140334,982012,40663,0.9440781702,0.0559218298,108935,7047,438615,29164,20817,103653,6280,440898,35412,34042,0.9254364816,0.0135272638,0.8046437637,0.3470531562,0.8103519984,0.3102406992,0.8076244836,0.3278304664,0.0517829744,0.0609428964,0.0560760148,0.1921594604,0.1791821032,0.1787854551,0.1605700417,0.1092922757,0.0853470196,0.1185148192,0.1251227073,0.5403081364,0.2335311981,0.1583440355,0.641416916,0.358583084,0.7976468162,0.2023531838,7410,14452,11622,16547,11257,16309,0.0954933825,0.1862443136,0.1497738315,0.21324278,0.1450700414,0.2101756511,3442,9214,8909,14154,10476,15700,3968,5238,2713,2393,781,609
"tole",455054,196259,881799074,661532330,455054,352261,76721,1296,5326,76,8167,11207,455054,434396,20658,119487,182847,63360,446417,38004,0.9447889701,0.0552110299,51475,3190,195366,13378,10003,48565,3300,199954,17380,18973,0.9367777055,0.0183683792,0.8301372888,0.2911185542,0.828428182,0.280473266,0.8292259692,0.2854423377,0.0675462998,0.0584567635,0.0631750938,0.2328902019,0.2309574794,0.2064276885,0.1605822249,0.1234537104,0.0794865873,0.0966620837,0.1389418414,0.4343686843,0.1232233523,0.0706013305,0.653480779,0.346519221,0.7719298246,0.2280701754,2046,5555,4488,5698,5692,17162,0.0503432494,0.1366846288,0.1104303536,0.140203243,0.1400556089,0.4222829163,636,2482,2609,3948,5077,16620,1410,3073,1879,1750,615,542
"tope",169871,73768,1424015086,16835524,169871,141181,14642,2018,1478,77,4988,5487,169871,157729,12142,46522,68920,22398,165047,40988,0.8391132094,0.1608867906,18148,1251,72576,5694,3892,17283,1119,73944,6493,7272,0.9470510264,0.0093980249,0.8777420521,0.3173645859,0.8843409752,0.2876005951,0.8812360687,0.3016050632,0.043325192,0.036828443,0.0401611865,0.1730668529,0.134751773,0.1240105541,0.0983193277,0.0872119474,0.061591175,0.083562621,0.0958757202,0.464048117,0.160139246,0.081462715,0.6750145096,0.3249854904,0.7576762946,0.2423237054,1144,2628,1910,2374,2620,4696,0.0744210252,0.1709601874,0.1242518865,0.154436638,0.1704397606,0.3054905022,378,1317,1055,1878,2445,4574,766,1311,855,496,175,122
"tucs",843746,366737,23792316898,6644112,843746,632560,24460,27440,16907,1084,111956,29339,843746,595885,247861,213620,332350,118730,823638,36758,0.9151593015,0.0848406985,89601,5728,360579,28771,22658,83896,5883,363500,34332,33906,0.885446879,0.0252802218,0.8386511144,0.3572988512,0.8304096843,0.3140247638,0.8343409008,0.3346667887,0.0527793006,0.0524543249,0.0526289289,0.2211068306,0.2192793877,0.2080588219,0.1697705228,0.1403922849,0.0707551677,0.0940414414,0.1466396645,0.538166081,0.2261366921,0.1815690331,0.6427561306,0.3572438694,0.8085392913,0.1914607087,8247,17343,13474,15056,11823,12026,0.1057728071,0.2224345573,0.1728122715,0.1931023868,0.1516371891,0.154240788,4328,11749,10989,13011,11211,11753,3919,5594,2485,2045,612,273
"tuls",563299,243953,1477070950,43295979,563299,422240,61006,28738,8601,238,16012,26464,563299,529935,33364,140131,226892,86761,551650,38213,0.9530995084,0.0469004916,62760,3848,246994,15198,10725,60607,3996,249851,20050,20481,0.9317961299,0.0090424453,0.8542221697,0.3678530289,0.8472864425,0.3124707392,0.8505534439,0.338557985,0.0468273707,0.0487735311,0.0477213331,0.1890694239,0.1743995976,0.1646168209,0.1297561388,0.1034607087,0.0665688137,0.1024407753,0.1161279797,0.534857666,0.2238735081,0.1424834148,0.617611022,0.382388978,0.7895620223,0.2104379777,3533,6867,5355,6349,8307,13678,0.0801333666,0.1557531357,0.1214588673,0.1440041734,0.1884143437,0.3102361133,1255,3524,3759,5206,7795,13272,2278,3343,1596,1143,512,406
"virg",425257,162277,643073238,644994920,425257,304065,80097,1719,20207,205,5579,13385,425257,407287,17970,101265,154455,53190,416704,48705,0.9863141583,0.0136858417,50173,3150,195835,9214,5259,47856,2796,193707,11805,9437,0.9282589558,0.0074152923,0.9113480734,0.3626463168,0.898196312,0.3506867252,0.9044920432,0.3564117663,0.0277872042,0.043944804,0.0352049245,0.0922850747,0.1140118969,0.088872585,0.084130719,0.0569851704,0.0389666619,0.0605629585,0.0651853594,0.5420646658,0.2961164065,0.2099915926,0.6556278528,0.3443721472,0.7886889926,0.2113110074,1755,3403,2644,4181,3959,6125,0.0795305207,0.154212172,0.1198169212,0.189468437,0.179408166,0.277563783,690,1895,1874,3334,3675,5936,1065,1508,770,847,284,189
"wich",452869,191133,2588371255,25988729,452869,359176,40626,4932,14175,431,18673,14856,452869,416853,36016,116738,176444,59706,446559,42485,0.9123145987,0.0876854013,55184,3388,202957,12071,8955,51885,3477,198406,14949,15531,0.9460930745,0.0067109182,0.851108726,0.3220598865,0.8506104679,0.287730213,0.850851956,0.3043685971,0.0455920586,0.0506539183,0.0478961984,0.1445433659,0.1365669555,0.1218807521,0.1040033423,0.0872133708,0.059642817,0.08172147,0.0954073258,0.5066895599,0.1835695693,0.1235347505,0.6616150167,0.3383849833,0.7943875905,0.2056124095,2455,5155,3910,4834,5462,12287,0.0719878017,0.151159722,0.1146526699,0.1417470604,0.1601618626,0.3602908835,905,2563,2706,3929,5014,11974,1550,2592,1204,905,448,313
"wor",750963,298159,3918817426,170822271,750963,672989,20556,1604,18965,178,22010,14661,750963,700032,50931,182097,283927,101830,726438,47874,0.8080717692,0.1919282308,82853,5456,327601,21053,17759,78757,5190,325538,25955,33057,0.9188439903,0.0165869741,0.8325184928,0.3560909684,0.8364546049,0.3406727476,0.8345809772,0.3480119709,0.0443204444,0.0405247312,0.0425365589,0.1227834989,0.1175602104,0.1190281474,0.1143134872,0.0809719864,0.0790056929,0.1106314806,0.0924180728,0.4101791753,0.1503500643,0.0877021837,0.6413514741,0.3586485259,0.6696991347,0.3303008653,3475,8061,5903,8698,7857,28991,0.0551718663,0.1279828531,0.0937207272,0.1380963722,0.1247439867,0.4602841946,888,2614,2133,4451,5915,26180,2587,5447,3770,4247,1942,2811
