"city","cityname","state","statename","coef1","coef2","coef3","coef4","vcov1","vcov2","vcov3","vcov4","vcov5","vcov6","vcov7","vcov8","vcov9","vcov10"
"akr","Akron","OH","Ohio",0.208919967239005,0.174943698223494,0.045773824725083,0.600044375390904,0.0386426881304284,0.0246172286518141,0.0330301025740642,0.0185695053625017,0.0196550236879241,0.0217624691728917,0.0183146104298591,0.0335069258353091,0.00560365859416844,0.100962778734461
"albu","Albuquerque","NM","New Mexico",0.300477135427556,0.222135957134267,0.379657764276195,0.00928954528315354,0.10203726156427,0.0747378883521441,0.0880356583429816,0.070409507797966,0.062558049588727,0.0677292600617388,0.061103699851734,0.0854678301112153,0.0583949577553031,0.103956993886365
"anch","Anchorage","AK","Alaska",0.0477741249008915,0.125823972457641,0.112277704373089,0.241655065290415,0.0451641534563557,0.0348812053855784,0.0390785231314232,0.033990494894112,0.0340524012520046,0.0335159781750749,0.0346834566982061,0.0392354299978572,0.0294406107068412,0.0569313028176112
"arlv","Arlington","VA","Virginia",-0.353701986286753,-0.0914160242168242,-0.254332829019042,-0.241159632315408,0.0415879187595187,0.0279082655945994,0.034639145547552,0.0251083526139564,0.0222846941603387,0.0244044365732169,0.0215206868938891,0.0337366180333371,0.0154709995195074,0.069540808798744
"atla","Atlanta","GA","Georgia",0.080409057072028,0.136276190881939,0.159861999174691,0.32885920881657,0.0306326476286184,0.0212333451519762,0.0256592542759488,0.0184772208246858,0.0173022772039459,0.0187935563295371,0.0165788132066521,0.02486011817495,0.0119032583424092,0.0503896898897649
"aust","Austin","TX","Texas",0.155929502184139,0.254298536995168,0.355277706317222,0.11960730259217,0.0794206171272864,0.0573391514475013,0.065875151842164,0.0574658207033773,0.0477390520160432,0.0506786875163007,0.0483493017596234,0.0645820395570142,0.0464034389478777,0.0987379965353773
"bake","Bakersfield","CA","California",0.430241597380097,0.359398775772519,0.533280228129047,0.40364616708519,0.240322546586508,0.196113036927666,0.215439342317493,0.192109903224033,0.165893910630705,0.178127466097749,0.163375651620034,0.198420572058275,0.170505286333416,0.190459537089315
"balt","Baltimore","MD","Maryland",-0.0920489738603435,-0.0380698099354103,-0.00854344054975953,0.883055275628251,0.027263694874147,0.0178556132699475,0.0229570361147591,0.0155123800937434,0.0142613676567451,0.0156169756312328,0.0138448617956671,0.0227416868985964,0.00893883486751971,0.04323809130499
"batr","Baton Rouge","LA","Louisiana",-1.16857025365994,-0.874122308561382,-0.953843116214878,-0.90013214767627,0.105588880102585,0.0762753845759132,0.0895103465724825,0.0707327922917197,0.0615878071672184,0.0675902450154049,0.0610066428909306,0.0843105167453366,0.0517804485179462,0.146887033536846
"bidd","Biddeford","ME","Maine",0.0487138510491465,0.0846428693349664,-0.00188355183521578,0.357083155250799,0.0380303043074654,0.0245497531453568,0.033074132535532,0.0213564909198814,0.0195809988059737,0.0218560520897798,0.0191146425089364,0.03449444314042,0.0109872669101009,0.0557949429833195
"birm","Birmingham","AL","Alabama",0.0674126004330835,0.0667902967997607,0.228171527352008,0.0248572797584745,0.0373491224922719,0.0252626795301515,0.0308668706353485,0.0245146367157532,0.0202212735227315,0.0220761085275848,0.0206835486898266,0.0302379940800087,0.018883634472675,0.0420079540459171
"bost","Boston","MA","Massachusetts",-0.150998974838699,-0.172943233965973,-0.0190514954952128,-0.0422457197547638,0.0525296201460735,0.0352651498297814,0.0455698989131053,0.0316193464842153,0.027592122634137,0.0311282155481891,0.0265318145274513,0.0444212972271315,0.0212055137962588,0.065167759557083
"buff","Buffalo","NY","New York",-0.111643918506031,-0.0722895105536922,-0.0223444420159745,0.596813498893619,0.0201568885774713,0.0130041051161364,0.017081305188352,0.0115174335807447,0.0103115511879599,0.0114334879087483,0.010008188227545,0.0169661828255331,0.00731774084196284,0.0262641904419597
"cayc","Cayce","SC","South Carolina",-0.165955470206549,-0.0763642309372128,-0.106980386571512,0.273130116932436,0.0733843458823424,0.0513320029615079,0.0618387648374372,0.0440487940285697,0.040610459258451,0.044916478532855,0.0384234389965703,0.0592727787197855,0.0275786375410276,0.157377213091677
"cdrp","Cedar Rapids","IA","Iowa",0.210332922011953,0.0783907809275752,0.138836212913133,0.136914506208273,0.0274805107723804,0.0177794267605452,0.0232440210376715,0.0172539908452473,0.0146201274616774,0.0158618865608926,0.0147740362447766,0.0232038005943041,0.0126105785239396,0.0302376442028127
"char","Charlotte","NC","North Carolina",-0.5900586138751,-0.400281676023319,-0.564160871164578,-0.65040926265738,0.0463063306878557,0.0295917574877557,0.0370145277219875,0.0283365013058711,0.023341482886455,0.0255312254419706,0.0230926737760237,0.0349051028224767,0.0213835554314554,0.0472810491202083
"chic","Chicago","IL","Illinois",-0.0671147646098836,-0.0114051521325711,-0.0764261887855282,1.28464089631392,0.00411824017104575,0.00260568020063487,0.0035336366222305,0.00234514639419744,0.00212167111575499,0.00231342685807961,0.00208639969314038,0.00365421389894979,0.00154625012556002,0.00605526559466206
"cinc","Cincinnati","OH","Ohio",-0.107916560880222,-0.0632046793327947,-0.0765584242274917,0.226723917595347,0.0361943283117139,0.0248354530950773,0.0309114329521841,0.0209545230673525,0.019658457943679,0.0220174800065982,0.0183853108987131,0.0299225680881345,0.0137672411650105,0.0579276103926663
"clev","Cleveland","OH","Ohio",-0.0514673352214319,-0.0915773836176539,0.0234594519271076,0.20235093809798,0.0148835331674181,0.00971982206847241,0.012765737860849,0.00765149688198643,0.00780364516428061,0.00857878774898036,0.00715897185048642,0.0127210901781614,0.00344201409464436,0.034358782642512
"clmg","Columbus","GA","Georgia",0.365938967020133,0.244443966157099,0.3405109882641,-0.180398568806918,0.0490789876316001,0.0332940056048838,0.0406104976274268,0.0313954353781753,0.026527873257694,0.0291479963880261,0.0268306819559818,0.0389558862852877,0.0223745788615548,0.0719731680855537
"clmo","Columbus","OH","Ohio",-0.183889633244639,-0.0684648519639377,-0.0947010523193061,0.0223757239121561,0.0255824070599004,0.0163728492303955,0.0215419871426848,0.014343770477263,0.0129766262015471,0.0144272276386715,0.0125500831674431,0.0212876899380469,0.00814431783989313,0.0527118015046387
"colo","Colorado Springs","CO","Colorado",0.145882094135743,0.202847991602915,0.136762059099701,0.708708351845276,0.0703214114918807,0.0466813760125513,0.0570474305478978,0.0399307135491107,0.0373329530802278,0.0407924951214731,0.0357347878496466,0.0537139637690434,0.0246529328738335,0.11659038003819
"corp","Corpus Christi","TX","Texas",0.313172256594133,0.302817502979589,0.293395514017584,0.695109419419409,0.0734067431848619,0.0513563063167512,0.0608651386664423,0.0472019238142998,0.0421502389701333,0.0446691139365662,0.0414827080543488,0.0618807247126127,0.0296228245575765,0.136507307513198
"covt","Coventry","RI","Rhode Island",0.0423318271036224,0.116980432883163,-0.0408319978982612,0.489935050204487,0.0519011868275681,0.0354044743316251,0.0441985127078382,0.033962520111311,0.028145440604781,0.0310906937519798,0.0278168173822057,0.042189758565673,0.0260535576895874,0.0508903328719331
"dayt","Dayton","OH","Ohio",-0.102679474462645,-0.139931727353039,-0.0848689712350869,0.146681949547868,0.0355235816678732,0.0229439165099032,0.0300073563773743,0.0196435509308615,0.0184291871355691,0.0202760469076562,0.0179422341130423,0.0301649270124276,0.00963794052093633,0.0745034608362688
"dc","Washington","DC","District of Columbia",-0.350441827038666,-0.317954288965687,-0.258433103985404,-0.0496278079374457,0.0434684889270379,0.0290171451591108,0.0357448000080242,0.0274941373442314,0.0229872338033731,0.0248725355420294,0.0230761428402417,0.0336419327138063,0.0188490866295343,0.0508665235081499
"denv","Denver","CO","Colorado",-0.348401202402558,-0.0426410765194728,-0.0470437747670618,-0.107997465920828,0.0352815557515149,0.0228119674558225,0.0281395320585272,0.0219779133838156,0.0183751919908896,0.0199271971952053,0.0183175152551132,0.0269148379098866,0.0155912603119327,0.0419592705376588
"desm","Des Moines","IA","Iowa",0.136397214885521,0.0376246971037967,0.0762746239868994,0.33906887764383,0.0368083277199691,0.0235031076237948,0.0309743271578241,0.0230074662941739,0.0194151060897582,0.0209531177008598,0.0196844116547745,0.0311237335761928,0.0167528939292822,0.0401738994899189
"det","Detroit","MI","Michigan",-0.111501310686965,-0.0261025704493973,0.0705965207575333,0.454891753882924,0.00980422008646039,0.0062236454136437,0.00817907955787945,0.00619218021352126,0.00509946580507898,0.00550712855824334,0.00516237275814914,0.00813279893798438,0.00434335645733496,0.0110723646408519
"dlft","Dallas/Fort Worth","TX","Texas",-0.063353806800506,0.0223264505011067,0.017532679060597,0.079148101649791,0.00846206342648808,0.00571973303345961,0.00703719607342661,0.00561817326004751,0.00480833212031817,0.00516249048226275,0.00498081649780193,0.00746561947836411,0.00416867943505556,0.0133362367986029
"elpa","El Paso","TX","Texas",-0.293578295770676,-0.0841219097536061,0.0151387629537035,0.103737045178249,0.0940106315272249,0.070609519507679,0.0804845770567293,0.0712562773659975,0.0617397128631898,0.0648602636841261,0.0622201694480033,0.079376011328235,0.0630496099165572,0.0936659049800112
"evan","Evansville","IN","Indiana",-0.190097081659575,-0.0642666879967911,-0.0166360959578564,-0.129484721743207,0.0289030449841718,0.0179847019344671,0.0244506432671556,0.016764634420918,0.0150441549980217,0.0160848142735708,0.0153666241517015,0.0250959894168495,0.0110688959468524,0.0441572188586716
"fres","Fresno","CA","California",-0.209104406408692,-0.0604029772225801,0.0121117853908848,-0.216780648771249,0.0374676124171854,0.0242938023539391,0.0316490585986929,0.0241679755850536,0.0189324566793513,0.021147402128907,0.0192657767323088,0.0304895863041153,0.0172070198546935,0.0430023505685495
"ftwa","Fort Wayne","IN","Indiana",-0.137183183167644,-0.115089242708928,-0.129511943580336,-0.216270276358457,0.04285042606425,0.0280793969509273,0.036314375608777,0.0256803293066302,0.02271706442933,0.0247756127743798,0.0228562198140317,0.0363554414038205,0.0153612551130015,0.074574155644318
"gdrp","Grand Rapids","MI","Michigan",0.513907452739989,0.405830283662758,0.421532884115625,1.0235797593851,0.0451168948758118,0.0302735751825641,0.0396694673763479,0.0260646345570378,0.0245222555959087,0.0273431331027646,0.0236197158549789,0.0405653053096616,0.0157755542816503,0.0802479510816629
"grnb","Greensboro","NC","North Carolina",-0.060639779470287,-0.196033719348233,-0.0517732115453303,-0.491577398389362,0.0461166059714922,0.0278754386018149,0.0376215390793766,0.0227441999499582,0.0219504850270524,0.0239418401353602,0.0214740626772583,0.0386282541733813,0.00877981902292746,0.0963888055565471
"hono","Honolulu","HI","Hawaii",-0.13129404850397,0.0111953261376067,-0.177479558983373,0.435535003169159,0.0366535876954096,0.0227859741125219,0.0314501789273061,0.0196095426615155,0.0184696350035304,0.0199185220041521,0.0179627446971947,0.0347339201027682,0.0105139421349058,0.0659104343988506
"hous","Houston","TX","Texas",-0.0379065366131568,-0.0689633218398296,-0.0192845826494054,-0.0482971980402366,0.0146170673819174,0.00992504836185193,0.0119979503063238,0.0096692455582068,0.00807632405083297,0.0087621583077512,0.00812070532405693,0.0117942364134098,0.00723464744199285,0.0162161020604083
"hunt","Huntsville","AL","Alabama",0.139469521374083,-0.00245118066308631,0.16956522556735,0.19987386678826,0.0433355733403162,0.0278799404288654,0.0355737774783341,0.0250632470271283,0.0228139857353429,0.0245110892065639,0.0231178541146342,0.0361417724555116,0.0152604982772708,0.0759622130018224
"indi","Indianapolis","IN","Indiana",-0.0238448654181021,-0.0589760015748546,-0.00275475142863214,0.228522878178396,0.0246331259450657,0.0162293108299291,0.021029446263701,0.012787153848504,0.0131553294383995,0.014408258108857,0.0125329744654289,0.0217743970695713,0.00379965022271443,0.0734698790851544
"jcks","Jackson","MS","Mississippi",-0.314906395435077,-0.274609951192631,-0.196131458435021,-0.310155853847523,0.0328045285523629,0.0206076048141162,0.0275384345244174,0.0193424908122849,0.0166115204810896,0.0186748906583979,0.0166711934002835,0.0297716958990401,0.0111325914825233,0.0715042183954508
"jckv","Jacksonville","FL","Florida",-0.35400236246621,-0.112837477064795,-0.148080726328524,-0.153453588344868,0.0411491224304282,0.0264412696219624,0.0339498849513279,0.0245107522359296,0.0205071013146466,0.0227877743032836,0.0197283347670634,0.0332344753560988,0.0170251443709612,0.0542121357620832
"jers","Jersey City","NJ","New Jersey",0.201085284704121,0.16364949121312,0.213022051002396,0.674560039867562,0.0393649346446224,0.0255359620020267,0.0329289911293228,0.0252336731804123,0.0203612171322078,0.0220723821242084,0.0207601225163871,0.0329025640414843,0.0178309469506522,0.0496008925296743
"john","Johnstown","PA","Pennsylvania",-0.058143047878914,0.0223265837754272,0.0195235027906767,-0.0479460147490185,0.0585744973790985,0.0371586045172592,0.0491981864764533,0.0326093736939566,0.0293645404181102,0.03197035858053,0.0293612544623756,0.0479886729740632,0.0182301847989206,0.102470312110784
"kan","Kansas City","MO","Missouri",0.170863109706754,0.0891799971122775,0.205700549824871,0.242030592365463,0.026659516433119,0.0177586510628827,0.0225513893506557,0.0167488442195779,0.0147750523678467,0.015950399146105,0.0146380246711258,0.0222372494017205,0.0122713881467891,0.0326934658168634
"kans","Kansas City","KS","Kansas",0.214765056936556,0.147267214221424,0.23450845735063,0.217264025749179,0.050935715463103,0.0335389982336929,0.0426091725238306,0.0318880673127029,0.0277998324952748,0.0299747673232153,0.0282939318953572,0.0412904153807789,0.0229331564941871,0.0685157278744612
"king","Kingston","NY","New York",-0.0801297042526555,-0.0554872805868503,-0.0277255041571566,-0.0572044598504649,0.0232311667261343,0.0147604312521535,0.0195630632233141,0.0137467935341235,0.0118123481854945,0.0129002781741997,0.0117926080101696,0.0202377500661658,0.00778137405908129,0.0434121600545483
"knox","Knoxville","TN","Tennessee",-0.0779822875936597,-0.180870470790999,-0.090342569271651,0.161987081643438,0.0652450075083275,0.0444880725068336,0.0542547728533868,0.0408523842121948,0.0359796108980012,0.0391959915175286,0.0346372652297197,0.0528852563400189,0.0288425030517739,0.0842565300367452
"la","Los Angeles","CA","California",0.0512201126972066,0.0987137185900592,0.18652845740909,0.439661092714958,0.00696182389965168,0.0055637541922757,0.00660899123502239,0.00504498013569693,0.00495853096401009,0.00532523210220764,0.00474590213399353,0.00706832452911504,0.00388214572070066,0.0102506941396601
"lafy","Lafayette","LA","Louisiana",-0.20665929891957,-0.0837980628851655,-0.209157216088003,0.108917192167226,0.0635136905279278,0.0463407867692462,0.0550503523767047,0.0411562516960232,0.0374855292149836,0.0419178594480949,0.0347881875690793,0.0524901039404641,0.0325173039782405,0.0575131319086708
"lasv","Las Vegas","NV","Nevada",0.14207115354775,0.053113324267085,0.227946897529314,0.200664198568,0.0310636218990402,0.0205661666324639,0.0256963241520098,0.0193545751472298,0.0163144522054949,0.0180943706059695,0.0160141070411097,0.0247530774807163,0.0149315879401074,0.0330906107348993
"lex","Lexington","KY","Kentucky",0.181080618298577,0.221290102994586,0.315806222848744,0.323374150640705,0.0631187721177382,0.0428125790362104,0.0525858144318515,0.040980785136189,0.0346373434190055,0.0377883973400342,0.0344556697564317,0.0503145436880164,0.0303971132049493,0.0838992783769467
"linc","Lincoln","NE","Nebraska",0.099464252652795,0.034702560313882,0.152915739911543,-0.13201974517083,0.0461237034642839,0.0298679891535959,0.0385528049673892,0.0283803358856109,0.0248076569024131,0.0266198817394266,0.025188945736749,0.0381201824784661,0.018105124954863,0.0741551292565503
"lkch","Lake Charles","LA","Louisiana",0.105723731536176,0.134390139126558,0.197372151332707,-0.398255596379907,0.0743860232017509,0.0528151720026751,0.0643067197728545,0.0464845029317358,0.0419859798388925,0.0474580042842714,0.0398126669567807,0.0637874218870538,0.0323367642468077,0.126437465910032
"loui","Louisville","KY","Kentucky",0.0963190707272931,0.106401620130398,0.118937533053508,0.509517157437369,0.028022617530322,0.0185662901328647,0.0241339763579567,0.015320202835284,0.0152059062463767,0.0167327412869268,0.0145988063325444,0.0250992247109083,0.00764228040907585,0.082161622073798
"ltrk","Little Rock","AR","Arkansas",-0.0663563697040134,0.0022786092695678,-0.0408160888627257,0.200980833552625,0.0423243071764332,0.0280267917149726,0.0356649243082644,0.0291823694242484,0.023726498112232,0.025472266316628,0.0253470004100426,0.0372153861194218,0.0224262517703045,0.0625619419102767
"lubb","Lubbock","TX","Texas",0.564324151021284,0.341872507697784,0.628837587071489,0.702398838914183,0.093932994862511,0.0666512518776626,0.0809899120807225,0.0556149252958101,0.0552692512725344,0.0600091989483622,0.0521169620298558,0.0796032627902985,0.038689555203813,0.195945428899859
"madi","Madison","WI","Wisconsin",-0.0816161721419737,0.125005709918596,-0.118027101854883,0.438176482836159,0.0775706348220088,0.0509813793655059,0.0677978420035132,0.0453965837944999,0.0421687460522938,0.0459790743553428,0.0412439390789508,0.0710851094274372,0.0276143533481083,0.149346382194315
"memp","Memphis","TN","Tennessee",-0.170502602997146,-0.0530365034947437,-0.101766645632777,0.180763018961681,0.0205766575861682,0.01336934810614,0.0172344146046971,0.0131084195637458,0.01106405627168,0.0119695394131644,0.0115941631865379,0.0173147603175951,0.00929466976261561,0.0354149079196792
"miam","Miami","FL","Florida",-0.101647589103953,-0.0135447224307,0.00255150460974418,0.099315714596525,0.0169030064682201,0.0107447662378307,0.0142149104927324,0.00947155586101951,0.00797568281564681,0.00900973204293446,0.00743671142473647,0.0135806725256293,0.00619107332316308,0.0189803833678615
"milw","Milwaukee","WI","Wisconsin",-0.259900728063611,-0.167286665425658,-0.271585949467181,1.12673957929354,0.0204936243035989,0.0129227480056874,0.0178814382986738,0.0113539518047888,0.0103985813144327,0.0115196344476444,0.0102108442709197,0.0189106324832719,0.00619351840155006,0.0382543144195745
"minn","Minneapolis/St. Paul","MN","Minnesota",-0.00937120148622823,-0.000854129266445437,0.0469275648624891,0.336721725574449,0.0148686829053944,0.0094665722649128,0.0128266796787156,0.00818212188835777,0.00773497647133449,0.0084136728731272,0.00777769438391555,0.013598391121729,0.00406531514116146,0.0270722052452633
"mobi","Mobile","AL","Alabama",0.306108595911426,0.282901082916869,0.341435806547447,0.180359049347259,0.0777084895850892,0.0553755876095717,0.0674497392400894,0.0463291347232141,0.0447500394459752,0.0500607407404856,0.0417060654152302,0.067858908530265,0.0289119981767743,0.124050736100824
"mode","Modesto","CA","California",-0.00291691429756896,0.0417877092549919,0.0409117049576961,0.368410386815087,0.0429577963345989,0.0282896408421729,0.0392612565693423,0.0226311104114338,0.0229134497407937,0.0256926834932475,0.0211409729263797,0.0422334078818514,0.00886579121101365,0.0967791357462608
"musk","Muskegon","MI","Michigan",0.0195662942477547,0.0195322512157143,0.0851520119915901,0.355508832346634,0.0503036609909419,0.0336893695766362,0.0428810406417137,0.0347028873185111,0.0275359290696511,0.0300802644534169,0.0281356193415493,0.0416587932998142,0.0282532311732423,0.0546637859459082
"nash","Nashville","TN","Tennessee",-0.00535540183509441,-0.0159306823942713,0.164278701099715,-0.0775355018434356,0.0457282624525566,0.0307990212712446,0.0385452100493365,0.0285510235068926,0.0246411954842598,0.0274984040736368,0.0238048214793677,0.0374567492841812,0.0212579929180595,0.0540305900896798
"new","Newport News","VA","Virginia",0.130973899921573,0.0244664812555635,0.165186070573445,-0.263966989866474,0.0388242031481503,0.0251378163833079,0.0333500738512762,0.0233611338366215,0.0199261984221275,0.0219541428564404,0.0199293796168933,0.0338798803973425,0.0149872534006078,0.0487049207235278
"no","New Orleans","LA","Louisiana",-0.287070926417715,-0.184227706671677,-0.0625314565912406,-0.0302959718158406,0.0948636123850573,0.0695008207167776,0.082453537288501,0.061691582716185,0.0562058343623379,0.0628767170366884,0.0521027603131386,0.0784998606112111,0.0488421570729065,0.086294156848807
"nor","Norfolk","VA","Virginia",0.17825879412861,0.115483756096102,0.0445370371840348,0.22646206374363,0.0366241586198998,0.0231353526757635,0.0314869913372456,0.0201990857829592,0.0185021843003401,0.0201378866277122,0.0184869487862225,0.0330046783855193,0.00966772278868124,0.0613808728036121
"nwk","Newark","NJ","New Jersey",0.0639060415478158,0.0250533867646223,0.17885124312525,0.603787658872734,0.0291417235771844,0.0188978876165016,0.0243455984819758,0.0186291257534909,0.0151439737613479,0.0163467314471198,0.0154297341832562,0.0243807052645474,0.0130263615352361,0.0375122593854955
"ny","New York","NY","New York",-0.088663791439585,-0.00919010718244915,0.0340615180184247,0.798265914437146,0.00286501689746996,0.00183111291028608,0.00239942881863676,0.00174990695063868,0.00146191031165526,0.00159574722036065,0.00146813004244088,0.00244163324292998,0.00108474578349207,0.00455414109807203
"oakl","Oakland","CA","California",0.00583931243534485,0.0145373191694886,0.172087158076615,0.414546562869991,0.0190730071635235,0.0123831672991357,0.0191631853106609,0.00784365343396559,0.0103732845613701,0.0110820986994307,0.00916557391398521,0.0273648046905468,-0.00604770241223081,0.0651756969274896
"okla","Oklahoma City","OK","Oklahoma",0.0259335461740314,0.00777913476422221,0.0544677711936813,0.118465826619505,0.0257856222051418,0.016748905744928,0.0218583727998735,0.0142579390820212,0.0145638444954757,0.0154315819655105,0.0143927459146854,0.0236932654653068,0.00983718789226238,0.0491134591558691
"olym","Olympia","WA","Washington",-0.761435074429334,-0.440384344079405,-0.508855669956799,-0.267482778946043,0.107199915082219,0.0787450388855333,0.0967962149608919,0.0736509149144849,0.0628478657652983,0.0711779455327418,0.0613226378516512,0.0947886497240789,0.0587214520581905,0.103499661429419
"oma","Omaha","NE","Nebraska",-0.169102691711331,-0.13461087910549,-0.145856663604595,0.43122309277472,0.0398142173497734,0.0249566215017049,0.033296398250717,0.0241925438485236,0.0206888038749277,0.0222849964456414,0.0210393318414673,0.0334028334713936,0.0162339922214742,0.0579453875872784
"orla","Orlando","FL","Florida",0.0657360435907352,0.167323786610527,0.0954676405542763,0.144640037536891,0.0630960355081514,0.0440574495695182,0.0555331018599327,0.0399025551057312,0.0343914210785752,0.0388066707657148,0.0333611006867674,0.0563049262469263,0.0265043359575335,0.0980802102503187
"phil","Philadelphia","PA","Pennsylvania",-0.0246799123912721,-0.0202642653549893,0.0969595476607762,0.756698967352823,0.014955790288653,0.00993829574276571,0.0124445230578203,0.00925878427820481,0.00789089296049702,0.00860937859068915,0.007817175048459,0.0121331104052811,0.0064641427694468,0.0185208303698566
"phoe","Phoenix","AZ","Arizona",-0.0400646253427607,0.037067797296551,0.0793702839566981,0.325599652703005,0.0198461708012362,0.0139067959793519,0.0171352305446239,0.0127712335401516,0.0109938597247165,0.0123354096813353,0.0107423210135383,0.0164737217941232,0.00887327409489745,0.0352820808837087
"pitt","Pittsburgh","PA","Pennsylvania",-0.00162451559567035,-0.00882886131742392,0.0585172006472366,0.224576988245314,0.0136002089001702,0.00860422260685781,0.011520730945055,0.00744217712826897,0.00673206451812123,0.0075709401979169,0.00647541227800755,0.0114503878025344,0.00447394007333796,0.0175162043644062
"port","Portland","OR","Oregon",-0.0982852702422991,-0.0229022045860855,0.151651289995754,0.299879664330989,0.020740056590855,0.0123695463990077,0.0184550922454792,0.011318674531285,0.00935534668152774,0.0107534875476941,0.00959150770781262,0.0200274336106761,0.00549799526072126,0.0312936234930863
"prov","Providence","RI","Rhode Island",0.0980752427056014,0.144805871455144,0.228418944622875,0.590453196518737,0.0511757317148142,0.0349302980501936,0.0434435251665319,0.0336484414433965,0.0277272039005085,0.030592041817189,0.0274742785931864,0.0412250019908832,0.0259568632513006,0.0481677001944463
"ral","Raleigh","NC","North Carolina",-0.0575059887581429,-0.135531680045844,-0.00298520378132147,-0.296447872967305,0.0357942766405645,0.0218065778104505,0.0290917527396399,0.0202349113439884,0.0170182402464025,0.0186218880866691,0.0166554059043315,0.0295887013819233,0.0102514367997843,0.0775780621761545
"rich","Richmond","VA","Virginia",0.425074036271508,0.295551023849085,0.339959221444246,0.803740877431407,0.0564299461554761,0.0362063247178269,0.0463337045357344,0.0344440674291832,0.0284910631425562,0.0310596572616466,0.0284900604457553,0.0450029952948147,0.0218420678362411,0.0702359254391083
"rive","Riverside","CA","California",-0.12510233422235,-0.0609234891969108,-0.0983800650390821,0.21761435953773,0.0336759079013544,0.0240959126647661,0.0292993261085033,0.0224740472527241,0.0199427033918897,0.0220374893168832,0.0194843917512527,0.0289583421132251,0.0187258208029523,0.0431674389529504
"roch","Rochester","NY","New York",-0.00424596530333646,-0.0484542460145592,0.081536523642,0.133900987966263,0.0376337648161849,0.0248622316346641,0.0324867823123396,0.0206984422796102,0.0198610105981673,0.0219587182146568,0.0189893873765176,0.0322794958035342,0.0120547802969197,0.0559796150034749
"sacr","Sacramento","CA","California",0.0546652869832278,0.109558895418046,0.151592138711826,0.229821843202207,0.0234656567374347,0.0156635365299949,0.0206879175285486,0.0159479396327691,0.0124993794164448,0.0137829744997066,0.0127973819919983,0.0208172210426702,0.0119230383914785,0.0244425260368524
"salt","Salt Lake City","UT","Utah",-0.0275711782552972,-0.0101453783311005,0.0737417561529493,0.127864063353307,0.0441378426486642,0.027777493047121,0.0354204361901611,0.0254841646973479,0.0217598164457641,0.0239843818316485,0.0212331818731879,0.0350430751293111,0.0172049079268017,0.0571316761858586
"sana","San Antonio","TX","Texas",0.0880407854151446,0.0524159569293101,0.0925508506530489,0.147990923005715,0.0505067304873104,0.0368061011953797,0.0425799360430258,0.0338234291557838,0.0301667413400479,0.0326517798690064,0.0288674357227703,0.0404722664202777,0.0253677296626294,0.0895336986069541
"sanb","San Bernardino","CA","California",0.158011555892816,0.173865096346496,0.263477000182516,0.216468069596451,0.0358397101552921,0.0272229408709375,0.0326106014973012,0.0245278542098108,0.0233238902189235,0.025483892623812,0.0223646131712415,0.033726519495317,0.0181268583667118,0.0513960103551117
"sand","San Diego","CA","California",-0.224195986868,-0.16214821816722,-0.10255117046708,0.0593464969095301,0.018708886812467,0.014472043859573,0.0172361731547256,0.0130990604329286,0.0126291935813507,0.0135520787452517,0.0122314412537628,0.0188577027666982,0.00747037939227477,0.042942210351033
"sanf","San Francisco","CA","California",-0.112264003033712,-0.0984923441825266,-0.109744816975232,0.668253930962609,0.0255241014887629,0.0170272462823097,0.0252256295696376,0.0119833746221969,0.0140462784773525,0.0150933475049372,0.0130230422011114,0.0365119374683204,-0.0104243009301804,0.114453743053695
"sanj","San Jose","CA","California",-0.145159289430518,0.0401849709604568,0.0712952865251469,0.519905527191758,0.023936965767722,0.0157075466854673,0.023574704802764,0.0107894756432546,0.0125703718550222,0.0143361741601264,0.0109373431352004,0.0310742400874873,-0.00221482916083614,0.0665040814199172
"seat","Seattle","WA","Washington",-0.229558180887513,-0.0565930060703189,-0.107640849890698,0.136988564616057,0.0253767765070038,0.0167575669282039,0.0233964929625019,0.0142681703390048,0.0129338374070231,0.0150236627207142,0.0125665028556334,0.0254133599629197,0.00731210486681163,0.0359922333894203
"shr","Shreveport","LA","Louisiana",0.234718406840374,0.0710534011342094,0.205752894065638,0.462505167943403,0.0432620848388333,0.028125638527727,0.0359090491709252,0.0268849598105774,0.0226567944858529,0.0252263058830978,0.0230549823037648,0.0375514604711547,0.0187807166910801,0.0747227425801163
"spok","Spokane","WA","Washington",-0.197721933707695,-0.0477614509647983,-0.156108149645055,0.288959043685565,0.0363321643489366,0.0227420729701179,0.0312788977099803,0.0215302381708414,0.0179629181129758,0.0200348133092518,0.0178047662142575,0.0320184721339868,0.0154849987357902,0.043813309109838
"staa","Santa Ana/Anaheim","CA","California",-0.0606741624102482,-0.0176310276956028,-0.0619258581922361,0.37167632539784,0.0230540634440731,0.0181252992871057,0.0219112393839717,0.0153607877163794,0.015999933541013,0.017331342658983,0.0148955858919248,0.0244087880371034,0.00858430477720097,0.0517211998043245
"stlo","St. Louis","MO","Missouri",0.255301037321134,0.186976279376539,0.264889839770773,0.710147939885541,0.034005608380568,0.0216799190683038,0.0276941985437902,0.0223374638853985,0.0176819576141159,0.0190353879601366,0.0180031105967086,0.0265869492964396,0.0171096537512941,0.0314371258452014
"stoc","Stockton","CA","California",0.446294249739759,0.21879864648471,0.537803495047434,0.184075630936876,0.0394347683071889,0.0260065251076505,0.0354307790015686,0.0239519904275885,0.0208200143716826,0.0233757032960728,0.0202424043036824,0.036437453067925,0.0159863487841051,0.05003216349004
"stpe","St. Petersburg","FL","Florida",-0.126127584027139,-0.111300642858122,-0.057844209366485,-0.0576730598285391,0.0231588818831826,0.0150267023691903,0.0197146198103795,0.0142983204434867,0.0113326612731828,0.0128865103037494,0.0111249786272063,0.0191348202978212,0.0107003527289198,0.0234303065865259
"syra","Syracuse","NY","New York",-0.179726935075865,-0.188140823667491,-0.164618738008936,0.0402095647126133,0.0495728996798374,0.0324882108309523,0.0425055428862013,0.0279177905373825,0.0259127773880332,0.0287913054219023,0.024624803191536,0.0421288026861502,0.0169466124404592,0.0737066789233359
"taco","Tacoma","WA","Washington",0.0625149974549859,0.0260881929216487,0.27015556417551,0.399100745521868,0.0562860455582735,0.0371008248829634,0.051867296301593,0.0316778835363898,0.0285185545537291,0.0332575808336343,0.0276873284779669,0.056187371820321,0.0165595326064743,0.0775979858720444
"tamp","Tampa","FL","Florida",-0.0552209917371209,-0.0294301507174952,-0.0659409469479532,0.117584561665643,0.0360122450518972,0.0233836368165968,0.0306562339615906,0.0222539806715618,0.0176022771620372,0.0200487053660831,0.0172756822388202,0.0297032796123188,0.0166648570249019,0.0364411522218025
"tole","Toledo","OH","Ohio",-0.00468346289966956,-0.0155491773980297,0.1458257107133,-0.0317871483633356,0.031771902570388,0.019544599176567,0.0271617542058022,0.0169856951151765,0.0159427196712878,0.0173265142661989,0.0157689728909046,0.0282358795200151,0.00847541850594223,0.0610964769765977
"tope","Topeka","KS","Kansas",-0.325468715586019,-0.201806113953622,-0.290771507595871,-0.0547345953014679,0.0543260299675811,0.0362417731507182,0.0463223501788119,0.033230761442797,0.0300941503286668,0.032452856065023,0.0308978531444681,0.0463453775756323,0.021311023457165,0.110838604597997
"tucs","Tucson","AZ","Arizona",0.0125399735934312,0.052170923032013,0.0175107869626022,0.377367740294165,0.0518102346680879,0.0359609891020807,0.045866787104588,0.0308817351766127,0.0281140120137095,0.0322573677612814,0.0263127767507895,0.0465356887139823,0.0195771132639962,0.0883745547913169
"tuls","Tulsa","OK","Oklahoma",0.20450113451978,0.141159594565408,0.161589689553321,-0.068274086091877,0.0469284677480386,0.0320298203551533,0.0405077270096867,0.0236493140363197,0.026689802490566,0.029077570162167,0.025049379682706,0.0404804413555501,0.0125321911651711,0.117757685891285
"wich","Wichita","KS","Kansas",0.1144452631677,0.185244813373054,0.177211427708521,0.113321119179706,0.0745520821432444,0.0502779759019038,0.0622422141141511,0.050963572915275,0.0413138976634066,0.0449700740870994,0.0422777861946002,0.059286676931036,0.0420023228188442,0.0705492217817506
"wor","Worcester","MA","Massachusetts",-0.400395994504524,-0.0565391749904813,-0.0907896778796682,0.306313494760419,0.064029274869838,0.0442673553902986,0.0543906692318108,0.0425569204466521,0.0345737484601655,0.0388096548612721,0.0337912978928942,0.0502307986492257,0.0337149197532586,0.0546634374982714
