"city","cityname","state","statename","agecat","coef1","coef2","coef3","coef4","vcov1","vcov2","vcov3","vcov4","vcov5","vcov6","vcov7","vcov8","vcov9","vcov10"
"akr","Akron","OH","Ohio","under65",0.613206787206464,0.399809692356952,0.387305902614396,1.31691363504026,0.145829839062904,0.0925565482117945,0.123975820090537,0.0717042485687324,0.0743389003800244,0.0816976160901286,0.0701998526092002,0.125311817799651,0.0238167550651141,0.36242294523685
"akr","Akron","OH","Ohio","65to74",0.0689520860075458,0.147979528126344,-0.0993535477452605,1.44603889060511,0.147896853880118,0.0940352890825103,0.125606204348126,0.0741694003672395,0.0748786889584269,0.0828396398364651,0.0703742638789506,0.126598156746486,0.027507517254436,0.340824889918578
"akr","Akron","OH","Ohio","75p",0.0960929040242519,0.0775289970143938,-0.0167507454577899,-0.505055761307132,0.0884463022947431,0.056499609799559,0.0761182342501382,0.0403208046271748,0.0450220826134189,0.050094491958289,0.0412978193447581,0.077660731584974,0.00885316697198997,0.262023985734405
"albu","Albuquerque","NM","New Mexico","under65",0.52743918188307,0.413692360249086,0.556671945080615,-0.0244837027150649,0.352317140915969,0.25915918327589,0.304385789566311,0.24467696332749,0.216908810991841,0.23486460963194,0.212154679660349,0.294800780974321,0.203511016766259,0.351248658795413
"albu","Albuquerque","NM","New Mexico","65to74",0.176954800937609,0.0692101523467058,0.235349498432307,0.425983891605669,0.435548469571418,0.322416495476233,0.37718777090893,0.306356971498233,0.269701898954511,0.292049464956039,0.264430223962433,0.36409149665202,0.256734006553799,0.427306814013627
"albu","Albuquerque","NM","New Mexico","75p",0.258860356386492,0.221860211189701,0.379618623316731,-0.243343634782939,0.186661878722764,0.135425023084589,0.160537436316215,0.126514916449518,0.113420299620587,0.12276801187211,0.110344185743641,0.156685682405756,0.103890412258398,0.199056601039217
"anch","Anchorage","AK","Alaska","under65",-0.327232353281611,-0.0256676113528717,-0.163133154015953,0.310897538077876,0.253190592938856,0.195726639384739,0.219178034668431,0.190617764719328,0.192718602768931,0.188873242544023,0.196495037760146,0.221337780806243,0.165239167096948,0.324130426790256
"anch","Anchorage","AK","Alaska","65to74",0.573332222453543,0.414913352545101,0.489673648538676,0.38096094679877,0.072411704460928,0.0561980100558589,0.0627989747086077,0.0548174829027407,0.0544166228001062,0.0538046544506857,0.0553582261586215,0.0626410147984446,0.0475647580574731,0.0892795028683545
"anch","Anchorage","AK","Alaska","75p",-0.0867162441895014,0.00885501630067598,0.0277188277138934,0.0292803816123308,0.0863291835108874,0.0662974291230504,0.0745018732457421,0.0645435229363572,0.0646879703215702,0.063660149892158,0.0658923225956824,0.0748600201894899,0.0557439913137672,0.109922565429978
"arlv","Arlington","VA","Virginia","under65",0.103773992329507,0.208790157857989,0.0867464792209493,0.249586819305297,0.0893747701579496,0.0599543041878713,0.0743716037779199,0.0541370689140231,0.0478296782130461,0.0524107722003974,0.0462411005769659,0.0721623273437023,0.0340114396225096,0.142620052029876
"arlv","Arlington","VA","Virginia","65to74",-0.348967687112229,-0.132995677303422,-0.160429541601735,-0.272253661142101,0.0456450776704395,0.0305572460470428,0.0379009102004947,0.027628952524711,0.0244295742289174,0.0266763198315795,0.023673369187713,0.0369515205603789,0.0169583633510367,0.0756910128895009
"arlv","Arlington","VA","Virginia","75p",-0.661338863571081,-0.254153331183119,-0.541882530472424,-0.599113361888744,0.166401846385323,0.111934630195716,0.139061048302979,0.0999141432315424,0.0893932127164692,0.0980562510211164,0.0859876786457893,0.135754183485735,0.0606732390952951,0.291906039750775
"atla","Atlanta","GA","Georgia","under65",0.0787057635498882,0.124386204538335,0.0940798272539625,0.592962318990129,0.0859661329651799,0.0596092605054984,0.0719324516944885,0.0523029236511804,0.0485788638456122,0.0527146032735541,0.0467641243844541,0.0695965923316707,0.0340485647128859,0.135474341783408
"atla","Atlanta","GA","Georgia","65to74",0.975694882354781,0.837000846317161,0.964147567992065,0.655566083524672,0.157072990784433,0.109208349627248,0.132116745660161,0.0927030864190926,0.0887540382225055,0.0967883121902742,0.0836340978487006,0.127652195857809,0.0586255056186304,0.278392076143472
"atla","Atlanta","GA","Georgia","75p",-0.30182992794747,-0.151591914824395,-0.125082191201404,-0.0736962236773561,0.0741357046249043,0.0513494726599401,0.0620643235890308,0.0447920201984148,0.0418819159475985,0.0454539195833431,0.0402190958497051,0.06025132656978,0.0288152830284174,0.122853818260233
"aust","Austin","TX","Texas","under65",0.13570733118154,0.0725933502096614,0.264798198778069,-0.995062029728363,0.262210480275602,0.189938509848971,0.219030021030816,0.185670529272896,0.157920855537965,0.168335208499472,0.157488835509842,0.215561682276562,0.14582582016093,0.392079362046727
"aust","Austin","TX","Texas","65to74",-0.192389607317078,-0.0013550187113851,0.06334606628581,-0.226703223392176,0.2343960313312,0.168337739541106,0.19473566897044,0.168657794169355,0.14013656455621,0.148876516010906,0.142372735817981,0.192765070913281,0.134803187284463,0.317965820849691
"aust","Austin","TX","Texas","75p",0.520580686710573,0.661165347100618,0.743690736095248,0.938250525637419,0.210153682526831,0.152344510332284,0.173610698752919,0.154312668354449,0.127015109427688,0.134396752519339,0.129410401718632,0.168570675227012,0.126283633774934,0.235981666545138
"bake","Bakersfield","CA","California","under65",0.648575901530372,0.581024778340316,0.915754950022443,0.683739202005998,0.838643117150922,0.687132660121596,0.751890483840093,0.672572128279359,0.582394550205645,0.623847298153411,0.573030036882492,0.69110462853719,0.597597480382685,0.660559836966783
"bake","Bakersfield","CA","California","65to74",0.0994436962815801,0.0669935144637269,0.122818076937494,-0.162464070093313,0.896541871365382,0.730029105077866,0.80375798026414,0.714286899417805,0.617313326114234,0.663302184872002,0.607635073900851,0.742059152396573,0.632122377211501,0.72656098047388
"bake","Bakersfield","CA","California","75p",0.650453245987491,0.524587600816547,0.66545268287894,0.650368531686184,0.5587359731173,0.455636955681516,0.501013276680456,0.446818215045108,0.385054991934985,0.413931395944675,0.379510335150851,0.461405444090582,0.397031170636465,0.439173595312485
"balt","Baltimore","MD","Maryland","under65",0.0711166447356742,0.100946681385035,0.116562418642048,0.770921954326614,0.0725465009078562,0.0474994642418231,0.0611331264500725,0.0411272989861418,0.0379427862593954,0.0415665670817486,0.0367705337708386,0.0606324837983407,0.0234299082984051,0.117626339322253
"balt","Baltimore","MD","Maryland","65to74",-0.0971279068160096,0.0107641191733711,-0.027898337501913,1.22329330841243,0.114785405930572,0.0753149740942919,0.0966591597115434,0.0651664809550621,0.0600320241469133,0.0658085062990423,0.0582056224210247,0.0955311151141169,0.0377289645770904,0.180204037679154
"balt","Baltimore","MD","Maryland","75p",-0.211835773180528,-0.173009240568664,-0.0885754844654097,0.780537713675617,0.070678708186646,0.0462715800875085,0.0594819537122066,0.0403959345267396,0.0370042017578396,0.0404786397864804,0.0360035841650704,0.0589370717086806,0.0234436016422655,0.110981421898831
"batr","Baton Rouge","LA","Louisiana","under65",-1.72225494653465,-1.3109673302466,-1.38349107859406,-1.4556004386986,0.323454822508054,0.232766382524031,0.273717283621629,0.215752899284173,0.188219574860441,0.206351545686949,0.186860304462924,0.258401551004627,0.156571611397244,0.460117038645096
"batr","Baton Rouge","LA","Louisiana","65to74",0.0494217678083493,0.0534970648063832,0.00617552161182139,-0.274372605691945,0.27448142632981,0.200704103180905,0.234463306875156,0.183070796939525,0.161673616069946,0.177902850863393,0.157353107406403,0.21998127071802,0.134928129623073,0.377799606356516
"batr","Baton Rouge","LA","Louisiana","75p",-1.37658651710322,-1.01393545769123,-1.10539083524103,-0.83924814198917,0.286107591402245,0.206057201901061,0.241884610802525,0.192618641534322,0.16654219482636,0.182574154829964,0.166030479277135,0.227865759007389,0.141637118083834,0.392814944131313
"bidd","Biddeford","ME","Maine","under65",-0.128273479157015,-0.0726013974966523,-0.204415255598224,0.171340054141025,0.107586598543124,0.0694947910430992,0.0936222242579081,0.0606626415641929,0.0555019737921516,0.0619152264119791,0.0542049097906613,0.0976359249311211,0.0314483098525844,0.158900299851922
"bidd","Biddeford","ME","Maine","65to74",0.401291857310722,0.255464179443033,0.431727309690431,-0.272208542006484,0.104770510075525,0.0677577234238472,0.0913379774941727,0.0576576850978151,0.0540429246076678,0.0603554792367044,0.0524619546501954,0.0951531249097226,0.0286017967946728,0.162963301159542
"bidd","Biddeford","ME","Maine","75p",-0.0743216866480093,0.10084895451847,-0.170779727858833,0.980454988861031,0.14063950572041,0.0906287266843281,0.121979202642531,0.0798533520409809,0.0721861215476847,0.08058769450385,0.0707122272150361,0.127364752182223,0.0416250214049886,0.198927743842997
"birm","Birmingham","AL","Alabama","under65",0.0572218143848292,0.100122144443796,0.0631416317413885,-0.169135668359383,0.133852376760896,0.0906976473523297,0.110998097491165,0.0880467451503837,0.0727758313013272,0.0794716958315354,0.0745561246296804,0.109151110376643,0.0679350772142974,0.153541800117706
"birm","Birmingham","AL","Alabama","65to74",-0.1095499306858,-0.0836941698724876,0.263164199438625,-0.216574720153484,0.191389065069923,0.128891767611586,0.157968648477137,0.123729010993392,0.103197815388224,0.112573922776856,0.104897734644259,0.154743964375519,0.0947674839615862,0.219413753232526
"birm","Birmingham","AL","Alabama","75p",0.195495150673502,0.150275770868123,0.330737533825293,0.254982717918901,0.0715532332826029,0.048485784527923,0.05908637833224,0.0472278342671977,0.0387563625356846,0.0423259211538193,0.0396851033459346,0.0577484267503237,0.0364517505115433,0.0791091942136434
"bost","Boston","MA","Massachusetts","under65",0.0544490817338278,-0.0672042773000903,0.0645665778464216,0.335268456779087,0.184216383634303,0.12390569773977,0.15975100702204,0.112607430252395,0.0970351533092246,0.10937776816871,0.0937700056562252,0.155419099639206,0.0771482857294742,0.218061471804935
"bost","Boston","MA","Massachusetts","65to74",0.549485390988125,0.355495271163134,0.820803075487039,-0.124143087614582,0.196959963740782,0.132882810871781,0.171679756358113,0.115917966730821,0.103590100106428,0.117465254895919,0.0983918562821676,0.167381301767356,0.0750041465577505,0.26419862055064
"bost","Boston","MA","Massachusetts","75p",-0.530564727153205,-0.440089176449668,-0.387636189707357,-0.268134567742013,0.111763313753586,0.074809726728527,0.0968060755207416,0.0671739701006785,0.0585999584053547,0.0660049453065333,0.0564238083944587,0.0944800898279796,0.0450413260934935,0.138641445654761
"buff","Buffalo","NY","New York","under65",0.0863789828016781,0.0322039489129005,0.166221717408915,0.360527096507756,0.09784478740158,0.0633032832335934,0.0827010512202598,0.0563460745805788,0.0501684588950936,0.0555665936867516,0.0488079915351441,0.0820354357180807,0.0356852909828486,0.126358961736333
"buff","Buffalo","NY","New York","65to74",-0.220535106289764,-0.228424825754899,-0.187916831877653,0.349657731347958,0.0831025694317721,0.0535345396969983,0.0703441132335256,0.0473766383362514,0.0426035277865807,0.047099878189869,0.0413547573709361,0.070192052570079,0.0296472494254077,0.109574550188587
"buff","Buffalo","NY","New York","75p",-0.139584674364233,-0.0409314498848332,-0.0233756345962292,0.81752685920062,0.0381946208254556,0.0246332646792154,0.0324217771755335,0.0217746539800053,0.0195069968408961,0.0216692022242644,0.0189092141052951,0.0321546740531025,0.0139466751015534,0.0497605967993024
"cayc","Cayce","SC","South Carolina","under65",0.0549794409339472,0.059275108409395,0.10504034962875,-0.322133048099778,0.187803308392127,0.131954467590612,0.158511112426669,0.112447571508425,0.104437691903775,0.115473906726007,0.0984684101709531,0.151581812207329,0.068749309195734,0.422972707063024
"cayc","Cayce","SC","South Carolina","65to74",0.214816658329678,0.239323849368217,0.170939870567471,0.262379863332325,0.10421044260246,0.0728707991768096,0.0880034796313825,0.0613768515215689,0.0576719858553356,0.0638303413187036,0.054211090318898,0.0847996901793018,0.03610131034096,0.247617722722788
"cayc","Cayce","SC","South Carolina","75p",-0.555112831699327,-0.36830095329262,-0.395712102694454,0.48318641333339,0.273417818737517,0.190843115239802,0.230046203643795,0.164789981812376,0.150916297064086,0.166948066672879,0.143013851652494,0.220295180409746,0.106412301468497,0.552043527937331
"cdrp","Cedar Rapids","IA","Iowa","under65",-0.226979145215609,-0.214362597273518,-0.213724412783687,-0.274996182434816,0.0580956066500486,0.0374872056352912,0.0491955431320411,0.036170648654888,0.0308567716663886,0.0334643105378483,0.0311681280243676,0.0493099745823828,0.0261168962666526,0.0657627015151534
"cdrp","Cedar Rapids","IA","Iowa","65to74",0.256553386880232,0.123904923276664,0.190940779989906,0.145310225637359,0.0476653141994861,0.0306702538166371,0.0402426930867088,0.0298393495483823,0.0252899066304974,0.0273725504599621,0.0255783112701507,0.0403434198454615,0.0217092088173466,0.0528394365673315
"cdrp","Cedar Rapids","IA","Iowa","75p",0.532590334297479,0.28348544726248,0.384196306261778,0.454526600521834,0.120526892585375,0.0785416460478744,0.102032106975933,0.0763829019176718,0.064391928904751,0.0700192208606178,0.0650410740321842,0.101181383697091,0.0565491223555898,0.129153458772626
"char","Charlotte","NC","North Carolina","under65",-0.786116680580155,-0.716807631601116,-0.735991419072608,-1.03448542999366,0.157790511221849,0.100809571782334,0.126056648530784,0.0962654372330215,0.0799952148987492,0.0872050614758786,0.0790870471951714,0.119136209957117,0.0725987771362442,0.16262602389205
"char","Charlotte","NC","North Carolina","65to74",-0.235460222347862,-0.151004512268843,-0.359014439863789,-0.242912320981585,0.141019368199227,0.0906869864330222,0.112885847178347,0.0876323796357327,0.0711177939672024,0.0780064228173406,0.07054759063567,0.105526755522187,0.0669010591460681,0.138592907885561
"char","Charlotte","NC","North Carolina","75p",-0.628632197269347,-0.301186377282913,-0.542924151947906,-0.619416994443679,0.118772017681836,0.0756989622887686,0.0949343885991022,0.072256458091044,0.0596588996385914,0.0653076593613614,0.058971716360771,0.0898175551057068,0.0541808028449183,0.123691974392201
"chic","Chicago","IL","Illinois","under65",-0.146455477583951,-0.0406939936407428,-0.136364729346008,1.13321495358366,0.0122782605529182,0.00779787656052006,0.0105477141130788,0.00698737400683124,0.00635152639811057,0.00692918305763118,0.00623157424267239,0.0108884227361426,0.00457952049238369,0.0183744657044677
"chic","Chicago","IL","Illinois","65to74",-0.0203697781169517,-0.0206445762304996,-0.0643695742585171,1.24843519004768,0.0162974329691339,0.0103071938616804,0.0139710993113563,0.00927066948786123,0.00839270689685498,0.00914714810133337,0.00824890851690159,0.0144502117930294,0.00607546240051397,0.0237804744181032
"chic","Chicago","IL","Illinois","75p",-0.0366517305649017,0.0123393764632084,-0.0421453055905726,1.39312659514166,0.00812737830791154,0.00513137017292274,0.00697178898337728,0.00463189115521689,0.0041772285611968,0.00455442528556582,0.00411455940470994,0.00721751371695876,0.0030725050216234,0.0118748711088002
"cinc","Cincinnati","OH","Ohio","under65",0.196591052399571,0.292569421374016,0.305532161697224,0.123184539995032,0.156148716282985,0.107383867278535,0.133411295120457,0.0903971734347029,0.0851113783697845,0.0952088218576714,0.0795700227615899,0.128879501301772,0.0593309737345455,0.257629564865526
"cinc","Cincinnati","OH","Ohio","65to74",-0.150133950618088,-0.107729440886551,-0.0276753886571391,-0.619495395568962,0.156121546152311,0.107115849045291,0.133801639159326,0.0874897966478398,0.0846472876903817,0.095095527177876,0.0780523525419771,0.129926194361174,0.0548779075154885,0.271479382409866
"cinc","Cincinnati","OH","Ohio","75p",-0.207266447922419,-0.191618362863047,-0.25087916033965,0.580450615532941,0.0715937617665026,0.0490840203594528,0.0610565987656035,0.0418903795045784,0.0388560785038806,0.0434919684245149,0.0365095082443371,0.0590962325759204,0.0278973279509752,0.110259655492497
"clev","Cleveland","OH","Ohio","under65",-0.175994548721934,-0.245394884364152,-0.207078699069898,0.555693067665707,0.0625814558182037,0.0409900845663249,0.053467788655353,0.0333468385531036,0.0328301436713141,0.0360999555157863,0.0304033393727072,0.0528341304435506,0.0166307923145435,0.130924287269349
"clev","Cleveland","OH","Ohio","65to74",0.333699890475536,0.125561104980752,0.380597326104968,0.0272524587896185,0.0584861221302199,0.0382450758972674,0.0501265140372228,0.0297301842722185,0.0307536186977403,0.0338120708861799,0.0279763650965169,0.0498118905773217,0.0132002251817336,0.13764323392705
"clev","Cleveland","OH","Ohio","75p",-0.159890518410835,-0.114633393292002,-0.0248109722532542,0.0907494767809697,0.0280221192102759,0.0182632629606878,0.0240913745978928,0.0142034969574519,0.0146678914304953,0.0161242885828652,0.0134379139819514,0.0241369809441207,0.00604458238001104,0.0673884540901821
"clmg","Columbus","GA","Georgia","under65",0.400446526995788,0.313438287987282,0.402565269620728,-0.225900315906227,0.157519976107814,0.107420990858123,0.130528876087199,0.100987022974859,0.0855552943420515,0.0939763232128497,0.0864116913355786,0.124972635410395,0.071663701674261,0.23847210848075
"clmg","Columbus","GA","Georgia","65to74",-0.155044351424784,-0.0320633870737595,0.0091697064757279,-0.259157615844948,0.0992142164224446,0.0672173444076637,0.0819407635202921,0.0637046330580453,0.0535565856926651,0.0588025497381326,0.0542746051300062,0.078369436016944,0.0458647113063602,0.140797240677175
"clmg","Columbus","GA","Georgia","75p",0.797997775585159,0.435031016367532,0.5859880748948,-0.0749285513575622,0.165786546588722,0.112191178284598,0.137279797265526,0.105527450882525,0.0894374801242374,0.0983525030704131,0.0903364235170744,0.132179304352429,0.0748671796945187,0.243348095737194
"clmo","Columbus","OH","Ohio","under65",-0.0639982095153536,0.146186096023851,0.167054273599995,-0.173993466673349,0.0846212570363764,0.054273704252978,0.0715731449066813,0.0454560200462245,0.0431765266479814,0.047979390117299,0.0411785604950081,0.0710953626259587,0.0233301710179001,0.193916822206187
"clmo","Columbus","OH","Ohio","65to74",-0.0274120001675728,0.0151460552252888,-0.040354779536278,0.531447897051543,0.10547699109332,0.0671226607743805,0.0887639503856715,0.0581373644981822,0.0531979502770536,0.0591631074710578,0.0512233322036108,0.0879323033901693,0.0318956106586183,0.222464428842497
"clmo","Columbus","OH","Ohio","75p",-0.317828476137743,-0.231857925791689,-0.272150827681606,-0.11868592059964,0.0584945570013737,0.0375132404323288,0.0491636324169086,0.0337609176325894,0.0296504687409055,0.0329870816886831,0.0289329464616523,0.0483765889860317,0.0203198469518278,0.112495859606408
"colo","Colorado Springs","CO","Colorado","under65",-0.37075262026928,-0.100822626978394,-0.436489440379726,1.31715567561566,0.22188114490226,0.145267852644323,0.178944058402785,0.124817983556026,0.115970585979749,0.126881002839158,0.111320712455264,0.169174689149125,0.0761688658501318,0.354244743540309
"colo","Colorado Springs","CO","Colorado","65to74",0.421128662789633,0.488463311000143,0.445473752899063,0.094493220940308,0.151367101788217,0.101917769367028,0.123716707622298,0.0855547056266157,0.081702150095965,0.0892714865564161,0.0773473095859068,0.116327211192157,0.0524758088947628,0.263347573764861
"colo","Colorado Springs","CO","Colorado","75p",0.38358181577358,0.280276639107597,0.392049257952025,0.626821118074084,0.207412560462733,0.137935779558183,0.168261812910607,0.118842756345952,0.110279457849812,0.120416101898777,0.105947136131072,0.158074035196295,0.0742656116761702,0.343823916049182
"corp","Corpus Christi","TX","Texas","under65",1.02655218380096,0.758897140387918,1.03328268355816,-0.334924759432306,0.247075690841991,0.173737796836482,0.205958441259002,0.153572135529153,0.142426091120984,0.151393437413539,0.138012382823968,0.209350589738044,0.0885375080442436,0.558468287635829
"corp","Corpus Christi","TX","Texas","65to74",0.342506459953981,0.249371994817007,0.211060125590912,1.42068552007268,0.15881001768959,0.112582103978378,0.132879475445299,0.10406568027323,0.0925528300371302,0.098442670101447,0.0908894647982103,0.134380831631434,0.0686030405834309,0.271956548403874
"corp","Corpus Christi","TX","Texas","75p",-0.175600600418412,0.0452295134930495,-0.127600950136045,0.750083109110765,0.207596198320128,0.14347243558748,0.17057040026227,0.133364530166292,0.117738100084039,0.124237306250212,0.116642726603018,0.174161831269341,0.0836417011961673,0.37053631536814
"covt","Coventry","RI","Rhode Island","under65",0.622052482964307,0.630825900662598,0.473327711090044,0.68945161514937,0.160107149204882,0.110289308211379,0.136818657175234,0.105426099959278,0.0876122889762121,0.0970223616796037,0.0863577298339058,0.130100991650823,0.0813559952613737,0.157387596321321
"covt","Coventry","RI","Rhode Island","65to74",-0.0285209764968772,0.00475130121753095,-0.140044803524731,0.337946848976973,0.143152470504709,0.0978703319812662,0.121999321244585,0.0940402725251329,0.0777702323846151,0.0859269140925908,0.0769132547320477,0.116310063899072,0.0723684113959237,0.13929279816662
"covt","Coventry","RI","Rhode Island","75p",-0.356098048739077,-0.196671192205041,-0.357256068663461,0.501882151465623,0.165749240065022,0.111904400893573,0.140652402765475,0.107512315295459,0.0890986408996416,0.098150053327854,0.0882119971550036,0.134897774563292,0.0818148513052211,0.163546536515343
"dayt","Dayton","OH","Ohio","under65",-0.133172963495013,-0.114359943634445,-0.050298716754845,-0.126378521319935,0.135051663715039,0.0875046234626837,0.113917058506039,0.0750316321161433,0.0702831253759609,0.0773915557689764,0.0682917052517731,0.113655405833079,0.0382967597245406,0.277698742525192
"dayt","Dayton","OH","Ohio","65to74",0.0395706050531485,-0.153211729628974,-0.137127806186302,0.42650906034823,0.123392600719887,0.0800920456387762,0.104695894364304,0.0689733916421145,0.0641942356592705,0.0708889994967754,0.0621963260923717,0.10527895697675,0.0349339435437818,0.251692040524012
"dayt","Dayton","OH","Ohio","75p",-0.137133252058209,-0.132677699792119,-0.0560206762523008,0.11428795149488,0.0776105940473282,0.0499399552953996,0.0654818711861548,0.0425288006301118,0.0401585873204387,0.0440813546676431,0.0392223846924944,0.0660914646286941,0.0199588354322965,0.168254305645884
"dc","Washington","DC","District of Columbia","under65",-0.200802137211838,-0.249633164518791,-0.134706099890173,-0.0142278553798243,0.110583278428602,0.0742762275224703,0.0909615186203145,0.0703758662093685,0.0588502814859025,0.0636490842436336,0.0590524810864101,0.0852482412140265,0.0485637287789773,0.128518769563724
"dc","Washington","DC","District of Columbia","65to74",-0.70770086683592,-0.543066049813607,-0.69500256328617,-0.340394079960764,0.188851185692352,0.125655744639184,0.155175097888798,0.119414835751836,0.0992948933981576,0.107687023936954,0.0997308337751346,0.145924574282754,0.0824603316927243,0.217158433031317
"dc","Washington","DC","District of Columbia","75p",-0.253360975729168,-0.227001454048383,-0.0864328356126863,0.0972552343100881,0.10652405196505,0.0708402104175022,0.0876377292482177,0.0669668907113188,0.0561833959271185,0.0607498931149289,0.0563797339081349,0.082866774480168,0.0454013328592476,0.127031667329944
"denv","Denver","CO","Colorado","under65",-0.378068932908094,-0.0176309223610855,0.211255162121873,-0.0904529989882562,0.131973454139297,0.0854960234179132,0.105119716285202,0.0826000673209202,0.068602277905915,0.0744419027945295,0.0684569733275039,0.0995637944699782,0.0594890721921342,0.150970937944023
"denv","Denver","CO","Colorado","65to74",-0.00415540309770207,0.222079965687973,0.118774895052655,-0.0732211708770317,0.177308340636174,0.116422320230625,0.14230616155396,0.112695528844694,0.0939506775521463,0.101926144705343,0.0936403287685912,0.135381239260712,0.0816842074739662,0.205259772819073
"denv","Denver","CO","Colorado","75p",-0.461283022447012,-0.156492030053108,-0.263358574646685,-0.137533132754901,0.0699931950566883,0.0449403376341603,0.0557499731644304,0.0430867771586851,0.0362734836350803,0.0393087004931885,0.0361232912501768,0.0537950813228954,0.0299493906831758,0.0866469076497958
"desm","Des Moines","IA","Iowa","under65",0.674137869926293,0.376597853372464,0.450769338088321,0.712393468034154,0.123571437156725,0.079604476102665,0.104090149380459,0.0780282513446896,0.0654311922881342,0.0708097101294991,0.0662992342426658,0.103668617964889,0.057373878243526,0.13130689447211
"desm","Des Moines","IA","Iowa","65to74",-0.0385312135445819,-0.0626439498356758,0.00112293009250918,0.0106884598136964,0.0947493990023804,0.0606165712415953,0.0797488422035544,0.0591201154670855,0.05012997058975,0.0541492099304911,0.0507548943226157,0.0800055626516114,0.0430709003115351,0.103574199130528
"desm","Des Moines","IA","Iowa","75p",-0.0647383711592953,-0.0909845043926524,-0.0922296265545421,0.315476110924739,0.101485996482084,0.0644213675709763,0.085354929832832,0.063162094922317,0.0533317818981691,0.0574380120098319,0.0541366385398801,0.0862912844515394,0.0457406006256156,0.112548106008955
"det","Detroit","MI","Michigan","under65",-0.0991189184012998,0.0532069388225613,0.0634071587711784,0.457422383676013,0.0303341249855381,0.019269926136133,0.0253060603842772,0.0191747919102154,0.0157654979586784,0.0170341858480666,0.015965239639008,0.0251799246339523,0.0133966548463102,0.0346014751587369
"det","Detroit","MI","Michigan","65to74",0.0482986475096699,0.101634153374767,0.205373598710673,0.362951747132677,0.041100016572316,0.0261086555678754,0.0342787817236915,0.0259842127018167,0.0214741583266299,0.0231230477245754,0.0217468001452869,0.0341431289352079,0.0181355322390853,0.0471042128919304
"det","Detroit","MI","Michigan","75p",-0.1988430039671,-0.146368233402626,0.00929827502852917,0.499186863167636,0.0212863342148538,0.0135033937197864,0.0177618827633392,0.01343075117107,0.0110533573926239,0.0119521066446934,0.0111848027370493,0.0176353679267936,0.00947225989210264,0.0237035389763631
"dlft","Dallas/Fort Worth","TX","Texas","under65",0.116386327118709,0.220911879450446,0.164641510795021,0.445904258035324,0.0262536316560506,0.0178224227899847,0.0218903899596039,0.0175295323819169,0.0149644901831369,0.0160750405719419,0.0155091478020358,0.0231568936872032,0.0130034394946005,0.041877293844332
"dlft","Dallas/Fort Worth","TX","Texas","65to74",0.0716653466907806,0.0264488209846231,-0.00189961347026599,-0.123525337698007,0.0407980598509532,0.0275073716379575,0.0339815969837553,0.0266920383029203,0.0230503362769669,0.0247787381096358,0.023810518008609,0.0362598043577038,0.0192532314762952,0.0699896298257449
"dlft","Dallas/Fort Worth","TX","Texas","75p",-0.248125021808236,-0.116948730610134,-0.0758893477288042,-0.0970657600069027,0.0177236978372966,0.0119570485603567,0.0147026494768247,0.0117844036410736,0.0100746670165416,0.0108072689622032,0.0104416765778587,0.0155887495223408,0.00883626542264025,0.0268284384747148
"elpa","El Paso","TX","Texas","under65",-0.0856976376157589,-0.0346625049051421,0.158685695478293,-0.163675536184953,0.260105821622624,0.193729187220036,0.222181773682674,0.194453413795586,0.169316431917262,0.178108045320396,0.170379330461502,0.22089459516554,0.170491263884217,0.27286884117078
"elpa","El Paso","TX","Texas","65to74",-0.437334005253351,-0.0907452292136543,-0.0452418553312943,-0.199981041653316,0.241551072219544,0.181003819196025,0.206285704686617,0.182042942265771,0.158704360785866,0.166431335752642,0.159814231985657,0.204132279178155,0.160497094511054,0.245812248952771
"elpa","El Paso","TX","Texas","75p",-0.253006651055502,-0.0253081109181017,0.0426258915250979,0.507808328871559,0.252592262107676,0.191702483490915,0.217291639687356,0.194113872604892,0.167289623911179,0.175859077946232,0.168730026394867,0.212413362548291,0.17281965131293,0.24134763821406
"evan","Evansville","IN","Indiana","under65",-0.107686682384884,0.104790089387473,-0.0228041318367975,0.031281235329213,0.0589370825118367,0.0368596378776112,0.0499342100520452,0.0343351170362921,0.0309379329605112,0.0330143000182846,0.0315803286202913,0.0512743885765994,0.0225009349627382,0.0920831987643367
"evan","Evansville","IN","Indiana","65to74",-0.0470823982868972,0.0620154330363875,0.101330260225216,0.0279227690100634,0.049291476465698,0.0305759421937238,0.0416173051862964,0.0286783502387295,0.0256367723677581,0.0273594173376744,0.026204653660991,0.0426974265540072,0.0191802809417289,0.0722525845674382
"evan","Evansville","IN","Indiana","75p",-0.328585631038861,-0.249936292496683,-0.0815517123505417,-0.36511631424216,0.0990550101424037,0.0616143632550324,0.0838497634479976,0.0571264365884059,0.0513312625921159,0.0550421735574714,0.0523940299548137,0.0860200371028828,0.0375371816955212,0.154522322659427
"fres","Fresno","CA","California","under65",0.437374732331508,0.462280332408564,0.643033621970551,0.425969130324287,0.133448062297148,0.0873304451034566,0.112796157489276,0.0872395768435673,0.0680223015077909,0.0760157215960525,0.0690053456425737,0.107918167721708,0.0634598030815114,0.145052039625404
"fres","Fresno","CA","California","65to74",-0.657684924278019,-0.452121806877357,-0.543498829929739,-0.508920418125078,0.137415857598229,0.0888364385402525,0.115770849321564,0.0892501621972951,0.0690280342702729,0.0771507400701543,0.0707873084146026,0.111304715234927,0.0640302844057992,0.153855841452773
"fres","Fresno","CA","California","75p",-0.353370180839532,-0.164662905675132,-0.0686580771019068,-0.472932606633147,0.0784909622610884,0.0507633828853269,0.0663851032940254,0.0500609400883487,0.0396400607363506,0.0442429649701323,0.0402425015258301,0.0642619852254034,0.0350117930123942,0.0945050898248931
"ftwa","Fort Wayne","IN","Indiana","under65",-0.0511356543710813,-0.152849462081473,0.0961809464765353,-0.43202031066608,0.132386314277315,0.0867010429287141,0.111556606686559,0.0799101733047892,0.0703949329394375,0.0763363827571952,0.0710281561444684,0.110962612160434,0.0484342937056552,0.228212009792894
"ftwa","Fort Wayne","IN","Indiana","65to74",0.0269562208840111,-0.0564195586587689,-0.0440164281512369,0.108161038688018,0.0921883566964527,0.0604620106390595,0.0780919288686433,0.0554798015272538,0.0485770116768013,0.0532146618712018,0.0487971696336248,0.077844079710186,0.0335617874091222,0.154666414092399
"ftwa","Fort Wayne","IN","Indiana","75p",-0.247098395981803,-0.0982506357290957,-0.282779464636171,-0.268700555717069,0.128389170632228,0.0841849928110906,0.109246633770849,0.0764371183019681,0.0682365767917141,0.0745082348904518,0.0685497098297626,0.110027333213051,0.0451269925810634,0.229431726804754
"gdrp","Grand Rapids","MI","Michigan","under65",-4.06315453113093e-05,0.126365672216346,-0.036537971490947,0.151043365184178,0.148835585813178,0.0995735638344003,0.13123357478384,0.0841351449848933,0.0807818141664643,0.0900081526829564,0.0777459622722616,0.135537495338984,0.0472898533198214,0.295190770228452
"gdrp","Grand Rapids","MI","Michigan","65to74",0.393316236130135,0.235480316824377,0.185897703826128,0.531757297009267,0.131746259973516,0.0880137148767353,0.116008700912017,0.073915208122544,0.0713336662442592,0.0795136948988721,0.0683989078896928,0.119864239256518,0.040966081609717,0.260601208003863
"gdrp","Grand Rapids","MI","Michigan","75p",0.850884446236655,0.646567544084649,0.784064440902922,1.62605129255469,0.102118104378589,0.0687814482968773,0.0896417500810698,0.0602473658533083,0.0556460224799112,0.0620944555428242,0.0537207630379791,0.0908252954912376,0.0386486722001999,0.166069486904467
"grnb","Greensboro","NC","North Carolina","under65",0.244879868014541,0.134183228086123,0.346794942819045,-0.461032191966075,0.148800785785966,0.0896638546781573,0.121603077242522,0.0708364197251744,0.0709643505709595,0.0771505909069336,0.0691226183107626,0.125837209090866,0.0230765961128674,0.342846524621546
"grnb","Greensboro","NC","North Carolina","65to74",-0.258371436064633,-0.423844434803363,-0.248582523094661,-0.597302982999472,0.141116719120414,0.0853713781953647,0.115245970598088,0.0686991841687677,0.0664779840940709,0.0731879060202219,0.0641636507394071,0.117522567902212,0.0261054045087031,0.288682300526735
"grnb","Greensboro","NC","North Carolina","75p",-0.125658444358705,-0.258989407970571,-0.168696344267731,-0.47569511069358,0.10410551255444,0.0630401199073097,0.084842356507177,0.0524966250051254,0.0497849970761878,0.0541551849146958,0.0490742530932863,0.0870580389722177,0.0218491126712718,0.209610981890667
"hono","Honolulu","HI","Hawaii","under65",-0.474109851435108,-0.261254072736874,-0.448085652000307,0.0654213269171313,0.125315882618178,0.0775125939672245,0.107571258402035,0.0668409165023183,0.0629608110436215,0.0677493290522001,0.0613274565205783,0.119340555293852,0.0349371627196192,0.233674111579027
"hono","Honolulu","HI","Hawaii","65to74",0.733570508426992,0.671993831418241,0.485506412040748,0.815112257603353,0.166458766610728,0.104677364820461,0.143608215702211,0.0900902208455678,0.0843743286622966,0.091731537049637,0.0817805008701813,0.157110595854522,0.0500406370690411,0.292948685471957
"hono","Honolulu","HI","Hawaii","75p",-0.330407644391948,-0.13484409307218,-0.320519124484772,0.436756877341754,0.0813574815996721,0.0504729538571248,0.0696099637980078,0.0433253282992511,0.0409506582955859,0.0440704519779554,0.0398192807338204,0.076954966755672,0.0231548014340015,0.144937573006923
"hous","Houston","TX","Texas","under65",-0.336028254327571,-0.228969931929267,-0.31856115874874,-0.00586337711429746,0.0399122922032734,0.027254278761004,0.032895072076471,0.0264725651852082,0.022144213804395,0.0240715058637455,0.0221560228816316,0.0322207138859782,0.0199749797065776,0.0435232931283693
"hous","Houston","TX","Texas","65to74",-0.0410636036655965,-0.102932388567041,-0.0476427576072634,-0.205905035905333,0.065069890656828,0.0437572702251755,0.0533240903658948,0.0421878418496696,0.0354632411479282,0.0385638182337242,0.0355589966405481,0.0528827580429794,0.0305343240070368,0.0791560400581857
"hous","Houston","TX","Texas","75p",0.257936266760371,0.10901680585955,0.288842933936988,-0.0330342031632286,0.0355649867422508,0.0241471938328882,0.0291148205599099,0.0236533747644513,0.0197201947655623,0.0213335506885796,0.0199177098235271,0.0285966626574064,0.0177929403503108,0.0387723202522869
"hunt","Huntsville","AL","Alabama","under65",-0.16282065743185,-0.259121756281973,0.145683678018326,-0.224681364838319,0.133222516969139,0.0850147565431143,0.108882656492404,0.0758559786849408,0.0698637339237778,0.0748528198788336,0.0708766891127241,0.110244191688827,0.045402876292924,0.243285663960058
"hunt","Huntsville","AL","Alabama","65to74",0.100819762821943,0.0593782244815056,-0.0963614847212077,0.118420266174495,0.110642199368755,0.0712821924007679,0.0910637185627581,0.0644475496488357,0.058500167618369,0.0628614926787247,0.0592250500913538,0.0932410701352552,0.03948768506399,0.1919139023389
"hunt","Huntsville","AL","Alabama","75p",0.442896030107825,0.190062408652765,0.393615058880189,0.532870562435435,0.130870582145663,0.084705065161335,0.107673126706625,0.075995798803396,0.0689537115069749,0.0742530964122368,0.0697745446083761,0.109166003196525,0.0463360236610075,0.227808748221842
"indi","Indianapolis","IN","Indiana","under65",-0.134721752455828,-0.148617455609567,-0.0587256696673137,-0.539076496783654,0.0824369033121472,0.0542606002599587,0.0704256238123169,0.0421038963640244,0.0442207705332536,0.0482757957407662,0.042221694085993,0.0732256162232971,0.010526419564147,0.265209272919148
"indi","Indianapolis","IN","Indiana","65to74",-0.0195320254687688,-0.177482312760576,0.11279671931537,-0.065566882040692,0.0941523088299707,0.0615832037795459,0.0801076605557937,0.0486411504167524,0.0499224735939397,0.0545638861012829,0.0478486562319756,0.0831583400765976,0.0136858688521382,0.286958899981604
"indi","Indianapolis","IN","Indiana","75p",0.0510565273986549,0.0609531003859126,-0.0148759822081502,0.778650865312662,0.0553976549038723,0.0366565663058244,0.0473680086100534,0.0290040352173122,0.0296223268350245,0.0325384143859397,0.0280891697885992,0.0488778031431139,0.00944351134081571,0.157733394395209
"jcks","Jackson","MS","Mississippi","under65",-0.215387214965417,-0.219067639064101,-0.242995672416909,-0.319415410268465,0.109200652445444,0.0685825504780258,0.0921406886652399,0.0641785205433812,0.05545898047745,0.0623966687710953,0.0555704586019936,0.100685718474822,0.0360526563663514,0.243034199633576
"jcks","Jackson","MS","Mississippi","65to74",-0.767799128294773,-0.628538823405266,-0.486478865027446,-1.17915332184211,0.0769063952782604,0.0478968832658725,0.0646277049729936,0.0434403730545503,0.0386220418220061,0.0435310501048386,0.0383237948308973,0.0703466882165597,0.0225555753641906,0.187368015181766
"jcks","Jackson","MS","Mississippi","75p",0.00304352058525093,-0.0103142008596417,0.101747060345189,0.307376157832075,0.0965253013320966,0.0611140524503505,0.080716938972224,0.0585085200128975,0.0491296149259368,0.0550902012163058,0.0496828373165851,0.0861097928958409,0.0359426277932156,0.19486069340204
"jckv","Jacksonville","FL","Florida","under65",-0.300683675315437,-0.00449517457543103,-0.138947936098604,-0.168331853047835,0.128761326530665,0.0826199573341057,0.10630559013362,0.0764502114828857,0.0640889217217066,0.0711736787480297,0.0618202250347663,0.104476731417048,0.0519116247273815,0.184336934564745
"jckv","Jacksonville","FL","Florida","65to74",-0.372411536787682,0.00956993161394089,0.0695921757527506,-0.336191264656557,0.197707593062684,0.127442005006071,0.163312977863345,0.116419196165462,0.0989011233350945,0.110038804508897,0.0949246390028742,0.159742629844305,0.0771113738648532,0.290543998012829
"jckv","Jacksonville","FL","Florida","75p",-0.320862323914432,-0.212650218211895,-0.214563033112994,-0.114862526952313,0.0843209277713682,0.0542560238716235,0.0695673275154266,0.0505769299991255,0.0420842660527943,0.0467473429139647,0.0404308758885375,0.0679597396670865,0.0361848422197478,0.101623848728777
"jers","Jersey City","NJ","New Jersey","under65",-0.200368040712402,0.0474497024559798,-0.0797875632507849,0.306495454110718,0.128048024820048,0.0834378912787932,0.107278068769703,0.0819290552045842,0.0665513845561781,0.0723061761799693,0.067612195894579,0.107114474412698,0.0574199244525286,0.165697037362681
"jers","Jersey City","NJ","New Jersey","65to74",0.169095733060794,0.0246418398925672,0.247717725199464,0.648163066831003,0.133263382312227,0.086572865862194,0.111431457162839,0.085359380440064,0.0691144692869788,0.0747713054579336,0.0705571834463582,0.110834545893662,0.0599025753973002,0.172025553240953
"jers","Jersey City","NJ","New Jersey","75p",0.495875974237506,0.323180571600036,0.406251918990253,0.916578265935959,0.091064554575642,0.0588899959367099,0.0761481217401784,0.0584523346732114,0.0469084708852577,0.0508483039747746,0.0478884880924193,0.0763088852556359,0.0416158128411166,0.1119559112181
"john","Johnstown","PA","Pennsylvania","under65",0.10126662090102,0.0389043881387206,0.1355349618353,-0.0279211108071722,0.0999577332074022,0.0636445509197403,0.0837719468844625,0.0564300267961672,0.0503346120826907,0.0547644316434196,0.0506156520179597,0.0814068343703101,0.0320818247507909,0.172243827656302
"john","Johnstown","PA","Pennsylvania","65to74",-0.556619220583255,-0.196252183068471,-0.422594077950921,0.0529159258273576,0.127768178715559,0.0816685297398351,0.107108960242962,0.072705018955341,0.0648785588197384,0.070223628883627,0.0652392579624145,0.104350116903819,0.0411909392910211,0.219026990410679
"john","Johnstown","PA","Pennsylvania","75p",0.166928283353678,0.157649996896605,0.232927486013329,-0.125386838032169,0.171962682855872,0.108540002295446,0.144795935877978,0.0939421630441116,0.0855178298622936,0.0934377166703605,0.0849892786224383,0.141562246497184,0.0516903162723135,0.30766191935281
"kan","Kansas City","MO","Missouri","under65",-0.147301764194448,0.0656014851477728,0.0196908567173711,0.319025907384149,0.107353539105279,0.0717922474859877,0.0907291385997814,0.0676356036373809,0.059645041569742,0.0644300624763117,0.0589048517219115,0.0890267919908725,0.0499680765642475,0.128224564725965
"kan","Kansas City","MO","Missouri","65to74",0.0947383799468693,-0.137294852469567,0.168508027975279,0.0830676653239384,0.113882167454832,0.0760008552053808,0.0962377073417713,0.0718607577144136,0.063266049632428,0.0682794909421137,0.0626038563448586,0.0946519579763215,0.0530474929184381,0.137282684951015
"kan","Kansas City","MO","Missouri","75p",0.359237767064172,0.194838241215221,0.31176106631515,0.249281081057035,0.0534073415566875,0.0354947801648902,0.0452197232500299,0.0334491232690056,0.0295453502891406,0.0318872100938437,0.0293293398258495,0.0447392930464608,0.0243227436367066,0.0670455487517596
"kans","Kansas City","KS","Kansas","under65",0.0575851755404483,0.0494993786368662,-0.0178287748431024,-0.098002752285156,0.150921500053271,0.0991944089941739,0.12632619321975,0.0937390562533813,0.0821876278816129,0.0887072059994364,0.0833961672659651,0.122786978616208,0.0664210564821771,0.209125153337441
"kans","Kansas City","KS","Kansas","65to74",-0.0364735216564836,0.0376853196065086,0.0515651775220481,0.190804785279872,0.0782460762553643,0.051103497715418,0.0654733100751363,0.0478819612130734,0.0425928878243925,0.0457636225821434,0.0432867707594257,0.0640583762805585,0.0333557394923316,0.112668936938797
"kans","Kansas City","KS","Kansas","75p",0.558016455800993,0.340040690286605,0.588104389861586,0.461146581532911,0.178559295403252,0.11861705591951,0.149416737073706,0.114162640805817,0.0980432392296296,0.105860003385346,0.100041085320743,0.143584993069155,0.0844384866620918,0.226278852275241
"king","Kingston","NY","New York","under65",0.13192179395538,0.031247234248734,0.0336230072253395,-0.073236164556276,0.0553337769289395,0.0351620501837055,0.0466261744992546,0.0325730463334474,0.0282150495478978,0.0307483747993323,0.0281385492543873,0.0484524768557777,0.0179973417755431,0.106026354387915
"king","Kingston","NY","New York","65to74",-0.343420371793387,-0.161082676396396,-0.269464941011402,0.0815703258475941,0.0485027579570452,0.0310210119242932,0.0408495178250212,0.0293525303754037,0.0247580665546815,0.0270977792686549,0.024766574902066,0.0418922903490135,0.0177569923514684,0.0831239575318
"king","Kingston","NY","New York","75p",-0.020235354049753,-0.0330668374171491,0.146962106802252,-0.24128036186636,0.0999948602223274,0.0631767309539989,0.0842155726945483,0.0578829113818934,0.0505551445678527,0.0552274955219687,0.0503496554536283,0.0874950833143671,0.0308195703526783,0.20121915829532
"knox","Knoxville","TN","Tennessee","under65",-0.183053097521559,-0.116867324384611,-0.0818735948807115,0.658404965535168,0.224288488573992,0.1531850857745,0.186370918900329,0.141917191602622,0.124693905006306,0.135460811587627,0.120530009998437,0.18179682375766,0.102479628871967,0.279526969249247
"knox","Knoxville","TN","Tennessee","65to74",-0.177153061966048,-0.156032715408998,-0.0643810191529759,-0.622986760763705,0.204864494356701,0.140554832122407,0.170298935445791,0.128523093115096,0.113783909165558,0.123530691991589,0.109510283313017,0.165328885411148,0.0892122742400301,0.280792388326286
"knox","Knoxville","TN","Tennessee","75p",0.0514657125558208,-0.205847851374731,-0.0780017196073982,0.228572548067738,0.147051447531806,0.099918458933897,0.122384799881466,0.0913877700699808,0.0805080584265576,0.0879811821772166,0.0773200849249017,0.119523810437945,0.064093334494003,0.190333289460918
"la","Los Angeles","CA","California","under65",-0.0274046766358872,0.033507787494075,0.088852553238952,0.251980874953948,0.0233538131917124,0.0185888821837227,0.0221735232801262,0.0167707808203458,0.0164941412662995,0.0177746201336432,0.0157281089352268,0.0237644123810368,0.0126442591549134,0.0355892574843235
"la","Los Angeles","CA","California","65to74",0.257955962523382,0.276688905275988,0.311289154688146,0.599448147174064,0.0306770692678941,0.0244802851302444,0.0290998601427856,0.0222715230830487,0.021754542994351,0.0234048773100912,0.0208218402414881,0.0311151009970128,0.0171595698283058,0.0445833255994579
"la","Los Angeles","CA","California","75p",0.0182254965339908,0.0690830819289914,0.19689599127551,0.482500557261576,0.0132060169235665,0.0105871736053008,0.0125408938093079,0.00961410815895284,0.00947259311933568,0.0101448322771456,0.00908654968036122,0.0133986680692265,0.00747900494068511,0.0191913771393194
"lafy","Lafayette","LA","Louisiana","under65",-0.25092982789958,-0.0701588233879889,-0.296814189099293,0.230397813838117,0.207338208274875,0.151312473409125,0.179937623318879,0.134298223375309,0.122127721275834,0.136819668580044,0.113245217169475,0.171746897070159,0.105999134630021,0.187216615192013
"lafy","Lafayette","LA","Louisiana","65to74",-0.250247780593245,-0.156420415660355,-0.0978117868067446,0.149945512441641,0.125386852700507,0.0917259064778025,0.10869783586048,0.081591248540403,0.0741825850799542,0.0828801396792392,0.068839880225854,0.103382735278372,0.0647011450322893,0.112311036630158
"lafy","Lafayette","LA","Louisiana","75p",-0.0707031788054517,0.0198388337718098,-0.18511668445748,0.0164893092105508,0.234181854936787,0.170616314184586,0.202748150222958,0.151514028833446,0.138391933489479,0.154524848778394,0.128607961426355,0.193497536756699,0.119520600601301,0.214866429938105
"lasv","Las Vegas","NV","Nevada","under65",0.0950610840144851,0.0239548051143933,0.196777770913873,0.264321840134368,0.100342732940684,0.0666571554319757,0.0831159073967817,0.0628296507847703,0.0528889544132211,0.058635046543847,0.051961139752115,0.0800905805849387,0.0484899336262107,0.107568759574835
"lasv","Las Vegas","NV","Nevada","65to74",0.467724277148286,0.273259103960908,0.564665889890739,0.0560934130523494,0.112301340691107,0.0742936318691101,0.0930064137079645,0.0694514025905948,0.0590480658554763,0.0654654381821741,0.0578033902274402,0.0896577788085486,0.0533033855325757,0.123686906818927
"lasv","Las Vegas","NV","Nevada","75p",-0.0190622685291726,-0.0584158315914851,0.0422458787789538,0.242822347901339,0.0768676688573867,0.050821159676879,0.0634874518633489,0.0479709577827373,0.040265096059404,0.0446782183579605,0.0395683849908945,0.0610958799629311,0.0371249874350512,0.0799615434621217
"lex","Lexington","KY","Kentucky","under65",0.613353847782003,0.447697091709886,0.373009009185343,0.688736577361095,0.17587924258623,0.119362848428667,0.14665657380287,0.115591165506734,0.0966091929522082,0.105490336634367,0.0965243799604685,0.140823685771277,0.0868009139383929,0.2266603677791
"lex","Lexington","KY","Kentucky","65to74",-0.616305355232665,-0.355105288447597,-0.313538096530566,-0.566717970077529,0.142846659004921,0.0967280129076591,0.119040058168198,0.0911412352959821,0.0782079248107462,0.0853785387198212,0.0773280933613273,0.114010860995687,0.0662199355434793,0.20057737226289
"lex","Lexington","KY","Kentucky","75p",0.394612022017745,0.430360653833604,0.667994048129974,0.569661959782097,0.186526401988864,0.126672843322307,0.155351790671549,0.121083628560716,0.102439971968161,0.111696294307471,0.101829419506615,0.148191217382824,0.0898368538622263,0.247009591194253
"linc","Lincoln","NE","Nebraska","under65",0.198357868281358,0.170898856931353,0.159283244262057,0.122100612085732,0.112949539873014,0.0731689085711422,0.0943510335871153,0.0698444024517525,0.0602444718111101,0.0650352984828222,0.0610864954955917,0.093088976985403,0.0446913145961897,0.177081693163421
"linc","Lincoln","NE","Nebraska","65to74",-0.0481778485838014,-0.00367270931379698,-0.133368541713392,0.240932039752846,0.0797550761039285,0.0520775646861498,0.0667378434923605,0.0501654218875828,0.0430132979355991,0.0463556944897427,0.0436286724785122,0.0655976534256794,0.03330403551155,0.117006707452002
"linc","Lincoln","NE","Nebraska","75p",0.159741237524219,-0.00731326952739658,0.336816179768132,-0.516976363208215,0.14084436133626,0.0908428492464126,0.117718023477631,0.0852967818103235,0.0761012811085614,0.0811458476315057,0.077408348549927,0.116912646049321,0.0529248534620839,0.243342749540459
"lkch","Lake Charles","LA","Louisiana","under65",-0.205551145487516,-0.162030065582329,-0.106175030841195,-0.910586129844923,0.255530633924777,0.181613791457926,0.221429418636103,0.159681764492167,0.144494834320466,0.163461544982284,0.136941694532348,0.220396387177033,0.110883624409803,0.439292069169842
"lkch","Lake Charles","LA","Louisiana","65to74",0.729420114454893,0.639799883743019,0.735563406763789,0.198671836239526,0.198615541858073,0.141724355326022,0.171778139255517,0.124006060474504,0.11249677389936,0.127080115349453,0.105921874492559,0.169218894424224,0.0866605237005516,0.337273590387887
"lkch","Lake Charles","LA","Louisiana","75p",-0.139391596948031,-0.0271109885036041,0.0216826155170335,-0.557922169874201,0.199319556884723,0.140867206133602,0.171957007694937,0.124292430929072,0.11211573206809,0.126678702037479,0.106768008322765,0.171130789129348,0.0859177379205688,0.340362333040087
"loui","Louisville","KY","Kentucky","under65",-0.260013112765332,-0.194534824224025,-0.210774482818935,0.496270250914221,0.102144822591602,0.0676060316256054,0.0880040008021602,0.055888072849083,0.0557205943570854,0.0610400892859492,0.0538712446366716,0.0921396746191238,0.0270694455630412,0.310885938628185
"loui","Louisville","KY","Kentucky","65to74",-0.20052718241378,-0.112399804088676,-0.279457832179071,0.169904205227104,0.121339415119551,0.0802607084398769,0.104930440563746,0.0637289608551668,0.0655149810820507,0.0724077062601362,0.0621329004731695,0.109812133307523,0.0278891536362111,0.389993061973901
"loui","Louisville","KY","Kentucky","75p",0.436633961998266,0.3781755909369,0.49293576239196,0.66837186644403,0.0578365383024347,0.038380317743738,0.0497174955248558,0.0321028168730328,0.0313788756283106,0.034542723420554,0.0301648852826182,0.0513790531622618,0.0169636733307976,0.16040925525074
"ltrk","Little Rock","AR","Arkansas","under65",-0.295359254145831,-0.148593045517719,-0.0307745103004023,-0.063734090163966,0.140875128809451,0.0926105944978588,0.118526642476004,0.0955892608521283,0.0786758481285788,0.0843365263924332,0.0837210165857009,0.124491903458028,0.0724284341353975,0.217683295024811
"ltrk","Little Rock","AR","Arkansas","65to74",0.0986233275466087,0.169987369604313,0.248584979198941,0.354422717808742,0.140087941634457,0.0931881630480104,0.118272794073298,0.0973304853573921,0.078092954857487,0.0843521677329794,0.0835061740626702,0.122298453857886,0.0750065539177033,0.208278123330129
"ltrk","Little Rock","AR","Arkansas","75p",0.00249915334447052,0.0214378315754781,-0.169108281672339,0.275498170800186,0.0951013043779653,0.0631110224283506,0.0801264980769873,0.0659070914687427,0.0535659585750364,0.0573850312812766,0.0573081110148681,0.0836398722854348,0.0509179240884119,0.137270106285829
"lubb","Lubbock","TX","Texas","under65",0.183242363586717,-0.0110122864935174,0.136154233256417,0.398605927041755,0.274960223177058,0.195431160005554,0.237016995145664,0.16444362877955,0.163428153934653,0.176345903280396,0.155058836538033,0.234110449039923,0.114578533548506,0.577954961537012
"lubb","Lubbock","TX","Texas","65to74",-0.456115800720403,-0.364273552811891,-0.231884849104271,0.284050800897564,0.163571336455115,0.114383354787414,0.140175456854446,0.0959434085861887,0.0952721575020305,0.102960610027368,0.0907252738606753,0.138657996029527,0.066060831520817,0.35095852664967
"lubb","Lubbock","TX","Texas","75p",1.54916609710361,1.09019132306223,1.60249806509031,0.8900141587424,0.332803978471386,0.238135769445068,0.288362322676799,0.194203788924473,0.195909886628184,0.214250686684892,0.181738316986432,0.281457581808989,0.133614170799135,0.712782485705126
"madi","Madison","WI","Wisconsin","under65",0.287114860976452,0.609004154782896,-0.0925408379334112,0.264819531411943,0.370792483910157,0.243580015936153,0.324268860346129,0.211237232223231,0.201586709896812,0.219297316822009,0.196453142553564,0.342412303467286,0.114777372459689,0.823790729510964
"madi","Madison","WI","Wisconsin","65to74",-0.652904957613337,-0.189537800811993,-0.492596589709203,-0.549909256977779,0.435455861198631,0.28908460539978,0.383102102483187,0.255427728151867,0.239681883750785,0.261649280489183,0.233409162922244,0.402334576641563,0.155157593702585,0.873493669213511
"madi","Madison","WI","Wisconsin","75p",0.00313893917382321,0.0702978502898477,0.0513768199928542,0.728709112062889,0.138819307178222,0.091022429901513,0.121130123368844,0.0816641591877192,0.0751861703854501,0.082065581086075,0.0736884415180442,0.126605901745682,0.0510070509834956,0.256940640284021
"memp","Memphis","TN","Tennessee","under65",-0.562146780726878,-0.363855522850541,-0.304866933985763,0.0924400302616044,0.0627982539805222,0.0405985791081227,0.0524284811505241,0.0402522163700175,0.0336057770923191,0.0363083657938709,0.0354252472541686,0.0527196925182034,0.0287343666612078,0.104551471229663
"memp","Memphis","TN","Tennessee","65to74",0.139554782715068,0.17432946248351,0.0512531617873902,0.367360382124143,0.0892846915754288,0.058156664761161,0.0748982536298629,0.0557818782925756,0.0478724803057192,0.0519558232724513,0.0494777128852386,0.0750397779958054,0.0386813426039193,0.161814404498393
"memp","Memphis","TN","Tennessee","75p",-0.0247340198841173,0.0747556258938958,-0.0145932337901296,0.125379299226437,0.0463902841443126,0.0302346606090611,0.0389313443634241,0.0296325894515677,0.0250711237350308,0.0271183550890423,0.0262887126784024,0.0391257659331786,0.0210817304926849,0.0803809023873369
"miam","Miami","FL","Florida","under65",-0.0968122455436647,-0.0576651740290312,0.00779928481193992,-0.300204921003403,0.0568205181657518,0.0359780223682564,0.0478272823097679,0.0310044825887015,0.0266635789414142,0.0301387210296008,0.0245623524658502,0.0458940030080386,0.0193360018284873,0.0697399854194342
"miam","Miami","FL","Florida","65to74",-0.333842439103974,-0.129074290271977,-0.205084319722287,-0.0634247572806612,0.0843799182657883,0.0538567018455066,0.071008176706141,0.047346840709353,0.0400639357151531,0.0452282138765751,0.0373216414228678,0.0677316140225855,0.0309524515301028,0.0964084979324716
"miam","Miami","FL","Florida","75p",-0.0187008976573329,0.0515287870500781,0.0781987864514553,0.323553426314084,0.030483346668171,0.0193918536375617,0.0256250942880181,0.0172701590874653,0.0143958912076193,0.0162635767559025,0.0134964660769479,0.0244476659376771,0.0115047895758686,0.0327588406807297
"milw","Milwaukee","WI","Wisconsin","under65",-0.116547959924083,-0.183465916626506,-0.361481946295252,1.58469390342324,0.0936551997996466,0.0598461271778702,0.0820256674228382,0.0529809462453689,0.0480033895395528,0.0533669526071713,0.0469599198962727,0.0862632308987979,0.0304593800053795,0.166008375260678
"milw","Milwaukee","WI","Wisconsin","65to74",-0.437367256988231,-0.0283077351643415,-0.280327266783389,1.30115141071398,0.0948503538247998,0.0600900222103442,0.0827700506086862,0.0528189075829821,0.0481804392206835,0.0536179618087945,0.0471641005164966,0.0868759521955658,0.0299071113155489,0.171055221758662
"milw","Milwaukee","WI","Wisconsin","75p",-0.246998848070529,-0.207960457018252,-0.21838095136065,0.83599489996439,0.0358151750317869,0.0224164208212655,0.0312029367442891,0.019585122374615,0.0180876200837933,0.019973442626833,0.0178087782689435,0.0331804240583351,0.0101760615037333,0.0699735940304118
"minn","Minneapolis/St. Paul","MN","Minnesota","under65",0.126119807689954,0.0285058887400933,0.149348367594834,0.00742460651016177,0.0795788883352653,0.0514996324556457,0.0687838921082555,0.0448664636972423,0.0417936437920918,0.0458113229592132,0.0417871364884486,0.0717584515414881,0.0240114170635633,0.138399871902592
"minn","Minneapolis/St. Paul","MN","Minnesota","65to74",0.192117702844951,0.0397291101001997,0.00702981134741151,-0.267154663988404,0.0823676987543324,0.0527087233286192,0.0713296012965037,0.045098589428735,0.0431586988208435,0.046975895679174,0.0431578245587019,0.0762237324283534,0.0215734014979626,0.156706930455212
"minn","Minneapolis/St. Paul","MN","Minnesota","75p",-0.123316053486498,-0.025354923795847,0.0199555721181617,0.630287133382643,0.0260246450312899,0.0164415851940369,0.0224091848199522,0.0142007699549983,0.0134581323097809,0.0145939798103123,0.0135828383885443,0.0238450229626565,0.00690262808823424,0.0477110057317381
"mobi","Mobile","AL","Alabama","under65",0.810222703796287,0.609994918827852,0.876146049318794,0.532615913244007,0.269604536448385,0.192775837970538,0.23421312446374,0.161530881474194,0.156127406405227,0.174276586130063,0.145671093117416,0.235307371218167,0.101435656109158,0.43669014882765
"mobi","Mobile","AL","Alabama","65to74",-0.119035550252522,0.077553213299849,0.00459215339773955,0.0273526989898268,0.248569387096142,0.177191659628221,0.216381726129121,0.147082571808684,0.143010376103371,0.160504553734459,0.132502580146097,0.217854343877985,0.0913888619424735,0.409207622869879
"mobi","Mobile","AL","Alabama","75p",0.243862421973782,0.203027892949017,0.2032289868554,0.0284734751698282,0.194055378474271,0.138024597140407,0.168082840064878,0.115738583945195,0.111480506181596,0.124635381274094,0.104068051641379,0.169132958510374,0.0720225965952946,0.302936784314421
"mode","Modesto","CA","California","under65",0.29430055455374,0.203831248102039,0.37598735260099,0.0966940579889937,0.151654035439721,0.10073974500583,0.138648454629959,0.0797315122976684,0.0811110612603663,0.0915180906720008,0.0741326164843172,0.147693214644188,0.0323654022968041,0.333157224860706
"mode","Modesto","CA","California","65to74",0.165841385394391,0.067287220867628,0.274247946432356,0.117295200582501,0.106758245395281,0.0703135030507214,0.097086051396732,0.0574220844610319,0.0569177735778133,0.0637386457140407,0.0526510058204946,0.10329823725678,0.0252688327396286,0.222306225632616
"mode","Modesto","CA","California","75p",-0.246645551884719,-0.0561077166943266,-0.26332920176034,0.621250333797441,0.106576678522671,0.0698677989338059,0.0977053327889276,0.0553496508176048,0.0567884491416631,0.06353370626975,0.0524924035389456,0.10636975343907,0.0192856818500344,0.257696607201763
"musk","Muskegon","MI","Michigan","under65",0.0488197511676359,0.10972958012315,0.239986789039856,0.151179698494752,0.106489936240957,0.0715420009524615,0.0909314228615093,0.0730088531768994,0.0589488005810503,0.0640775676502962,0.0600577913858032,0.0887799186028566,0.058701747453521,0.125354877746947
"musk","Muskegon","MI","Michigan","65to74",-0.371795303548731,-0.0988341018402647,-0.348670582322267,0.208080843035415,0.098214403063279,0.066051343300051,0.083937452851523,0.0680508559109121,0.0540704687985612,0.0590326144661187,0.055195025709187,0.0816786671632708,0.0557739848233657,0.103138191882958
"musk","Muskegon","MI","Michigan","75p",0.265238960479515,0.0580745504145219,0.278741794986688,0.547017093405487,0.180830809825363,0.120587854920406,0.153779606468926,0.124754962102352,0.0979554117981929,0.107396770365252,0.100317025541543,0.148802318018219,0.101676533856584,0.193479253146855
"nash","Nashville","TN","Tennessee","under65",0.239922685458309,0.164507974947518,0.557623638043449,-0.0707542522031048,0.157473947554,0.106147977346971,0.132498832646131,0.0987523627649614,0.0850273358956821,0.0946858660631882,0.0821763699442609,0.128295843863403,0.0740465123361919,0.183480888055458
"nash","Nashville","TN","Tennessee","65to74",-0.108827385113449,-0.0528100841927119,0.136595867589379,-0.604303457643458,0.161702732243956,0.10884446991409,0.136176480569115,0.100857013955715,0.0877177795391454,0.0973927125068311,0.0850090589185252,0.13265618927072,0.0745164817174049,0.204947018406669
"nash","Nashville","TN","Tennessee","75p",-0.0701327568210246,-0.0785827968906544,-0.0370597435682774,0.166481739073843,0.113541719106053,0.0765302576160603,0.0958830580457229,0.0707771940829939,0.0609855538789624,0.0682992994959089,0.0588183842342735,0.0932473004729419,0.0526313658912643,0.131839135087369
"new","Newport News","VA","Virginia","under65",-0.142914168293999,-0.111087026695073,-0.0634853927144398,-0.475579583998144,0.11057813942121,0.0714871543554109,0.0949508075682377,0.0662285230924981,0.0568281664927255,0.0624515941445513,0.0568603407429629,0.0967816290714955,0.042004986513601,0.14330129783998
"new","Newport News","VA","Virginia","65to74",0.239094717817021,0.0747094094418087,0.186292823537064,0.108456011572003,0.0791627461128778,0.0512332246379265,0.0679115355002827,0.048190056521028,0.0405041441397245,0.044779044556723,0.0405742549191586,0.0686864851548497,0.0319165980120139,0.0928754685054732
"new","Newport News","VA","Virginia","75p",0.296253166994065,0.117111293722507,0.360377197959902,-0.430173080108944,0.135570331085027,0.0880034789880763,0.116634499726093,0.0810994416382931,0.069746059938657,0.0768010058327879,0.0696459527985833,0.11852301782422,0.0510640600754932,0.176521397566194
"no","New Orleans","LA","Louisiana","under65",-0.167639867301136,-0.0689541956391386,0.136564989834434,-0.337335491937443,0.302090693687214,0.221750249265599,0.262718348929661,0.196707389126557,0.179679002481242,0.200839160635231,0.166424370796725,0.250219288169742,0.155601513076977,0.279337353326741
"no","New Orleans","LA","Louisiana","65to74",0.492787500227904,0.441837124884276,0.407166697966041,0.592086784168065,0.356418588672295,0.262317055541913,0.310378526982776,0.232365326200693,0.211671084283926,0.236842733803345,0.195957193623646,0.294764835525082,0.18361894726653,0.328152342596795
"no","New Orleans","LA","Louisiana","75p",-0.700455689426004,-0.528579253982165,-0.383499341924162,-0.0822609229823874,0.215488934430613,0.157459176257292,0.187062413571729,0.140023642622475,0.127357702551871,0.142459726527801,0.11822123274048,0.178175975793474,0.111097305715253,0.192786046440745
"nor","Norfolk","VA","Virginia","under65",0.687072641935084,0.308407989180284,0.432015766379415,0.670199071918486,0.124911164194499,0.0795656251605993,0.107088271861456,0.0702386805028884,0.0632208054800552,0.0692069206570053,0.0629666913067699,0.110492736461746,0.0365407213591402,0.191674586817423
"nor","Norfolk","VA","Virginia","65to74",0.0185475036592286,-0.0179790855086461,-0.121545444541347,0.197035135148236,0.07569746770168,0.0475935370653321,0.0650269378413538,0.0413332266721093,0.038280211542362,0.0414414944423101,0.0383097520044468,0.0685158970525553,0.0189725647360408,0.13193864934836
"nor","Norfolk","VA","Virginia","75p",-0.0608763854047065,0.0927326727279035,-0.106014402291775,-0.103220884554901,0.119969972543643,0.0756026564556466,0.103456174407379,0.0656284807068611,0.0605217892991466,0.0658285425792092,0.0605565297740773,0.109354300831433,0.030041103753189,0.210613618407357
"nwk","Newark","NJ","New Jersey","under65",0.317230040554968,0.292937783912103,0.275484857592248,1.23842445421385,0.084183760940013,0.0549152503538628,0.0703231031515461,0.0545131035154641,0.0438900847826924,0.0474842101723199,0.0447530885635867,0.0698637332747404,0.0392549363860505,0.100777732590454
"nwk","Newark","NJ","New Jersey","65to74",-0.572031307146703,-0.559481666876625,-0.443139299355326,-0.587042844626935,0.133242476047045,0.086227302484356,0.111441150456687,0.0834827107245555,0.0691392304264455,0.0746000372485137,0.0700692677777418,0.112313758978265,0.05425543354917,0.201769467104143
"nwk","Newark","NJ","New Jersey","75p",0.210669965651263,0.122755766629393,0.460067563245568,0.568398634788563,0.0641329505250389,0.0414468102286272,0.0535915082432746,0.0407999004814338,0.0332808965627083,0.0358732307465327,0.0339359298083235,0.053904644763043,0.0284239002775209,0.0837771243858984
"ny","New York","NY","New York","under65",-0.140199172044787,-0.0316507902205465,-0.00747754241101986,0.740503032517297,0.008812135785864,0.00564938131108219,0.00738547644434116,0.00532382334378412,0.00450075339606832,0.0049206425712396,0.00450242140563284,0.007483439533776,0.00324751920807516,0.0142014653899061
"ny","New York","NY","New York","65to74",0.0172987958161007,0.0295348710850047,0.0515614155046169,0.907932241575829,0.0143862430186861,0.00919578311070291,0.0120606540401271,0.00877139218169935,0.00731900662822689,0.00800907909770393,0.00734356897711728,0.012258841883924,0.00540995861275251,0.0230365270502733
"ny","New York","NY","New York","75p",-0.0926760929012616,-0.00725238009665013,0.0587732494045065,0.791823022937496,0.00549013259954555,0.00350155638749731,0.00459450547554729,0.00337745726194389,0.00280289680989676,0.00305349029616253,0.00282200271758572,0.0046915012436312,0.00211804228165357,0.00863364594284342
"oakl","Oakland","CA","California","under65",0.237927169866743,0.184932824529705,0.404121588459452,0.500623639668302,0.0714177512847389,0.046858466522019,0.0718088961678919,0.0297227260093253,0.0390688100426874,0.0421722706780491,0.0343918223962012,0.101093347160093,-0.0204837550405213,0.237906383166007
"oakl","Oakland","CA","California","65to74",-0.0211054760110701,0.00357043140516816,0.0126441480814103,0.336135500901904,0.0783818923035767,0.0509466775233881,0.0787648225547279,0.0320099895188289,0.0428717087244965,0.0453643688202614,0.038852223126899,0.114544311739204,-0.0309059565149586,0.296655626252879
"oakl","Oakland","CA","California","75p",-0.100533019707488,-0.0680114130710595,0.120077276412513,0.35246118508692,0.0349607110781634,0.0225625203220378,0.0351214878688566,0.0142799715567553,0.0189203185414727,0.0201721686336592,0.0165973044754924,0.0502209194070097,-0.0108532256728911,0.117722742863271
"okla","Oklahoma City","OK","Oklahoma","under65",0.515417593337506,0.282236733963031,0.54040531167052,-0.23212820097357,0.104735139297364,0.0690279122775092,0.0893044234124042,0.0585310686727435,0.0594845730780661,0.0634732695912727,0.05859035145125,0.0956974202646839,0.0401910155561676,0.212782081894562
"okla","Oklahoma City","OK","Oklahoma","65to74",0.244506698723819,0.211978030774856,0.139224804058301,0.758568843969753,0.0955659536914934,0.0623725104227646,0.0813378756436351,0.0536847813130935,0.0539933117667369,0.0574031481444345,0.0533473238721654,0.0882321018806191,0.0375830037604993,0.178094294903519
"okla","Oklahoma City","OK","Oklahoma","75p",-0.307958670793129,-0.208507768362526,-0.216365926182486,-0.0153038326592402,0.0549800662013204,0.0353660889695249,0.0463680465779163,0.0299724237103068,0.0309683411731846,0.0326342929437927,0.0306551934635172,0.0505252437656288,0.0205469411558729,0.103101520554448
"olym","Olympia","WA","Washington","under65",-0.178034900951999,0.00394489857172309,-0.155400215036332,-0.128707196805109,0.211997061771758,0.155440776001916,0.191858485366453,0.144689964662204,0.124101325502735,0.140622710403311,0.120961322566888,0.18889437132152,0.11406716509745,0.214128355142795
"olym","Olympia","WA","Washington","65to74",0.0512342046624495,0.154592579699416,0.0438243380104835,0.434144090247498,0.160529650886302,0.118353521899702,0.145477948686691,0.110015516751991,0.0947041134739203,0.107313173555876,0.0920632780137747,0.142800189475647,0.0876620996809964,0.154603687685156
"olym","Olympia","WA","Washington","75p",-1.57730948809037,-1.04140611738073,-1.0204409407581,-0.81379581252051,0.391561742339557,0.287559789100484,0.352408393554825,0.270402223612239,0.229147078705924,0.259353918669443,0.22408058274635,0.343427920559211,0.216834760649166,0.37192486840298
"oma","Omaha","NE","Nebraska","under65",-0.268180973362923,-0.119543682313636,-0.0790869532041749,1.02643706703087,0.149833443736351,0.0956445553655663,0.125604082542916,0.0932700698714628,0.0789371588520451,0.0854028788233944,0.0799140473874368,0.123973919663665,0.0661590129619119,0.194162978568345
"oma","Omaha","NE","Nebraska","65to74",0.070805896082984,0.102708103698509,0.0705827283451703,0.576605744062849,0.140752036572121,0.0895242465154478,0.118266356604598,0.0869236919640034,0.0736412334247223,0.0798945385897475,0.0746711655321672,0.117689974611151,0.0599669116421963,0.193851581409798
"oma","Omaha","NE","Nebraska","75p",-0.205527978044132,-0.236125133212566,-0.256446565174464,-0.0255881652670419,0.0830785226984232,0.0513173873243688,0.0692696441465886,0.0494816076939347,0.0427862301663934,0.0458280069097991,0.0436824516600393,0.0703358521835936,0.0315094596910802,0.134522419477652
"orla","Orlando","FL","Florida","under65",0.630814678297043,0.647341408121333,0.346579674146262,0.67032725858114,0.230789447902832,0.162524933317208,0.203706637986167,0.14774865940728,0.127031778223628,0.143469273961482,0.123059912697458,0.205505093746607,0.10076191536047,0.342501204822088
"orla","Orlando","FL","Florida","65to74",-0.490528109534913,-0.261348612831462,-0.373446273863134,-0.514656743431757,0.244441646147763,0.170234312454721,0.215198347142996,0.153356179122945,0.133201761874417,0.149832563572125,0.129356724690897,0.219603071926218,0.0994726592747029,0.400707009189784
"orla","Orlando","FL","Florida","75p",0.00806383222462487,0.100255836091736,0.197118205859831,0.0955738058615018,0.13521607417958,0.094073375002318,0.118816923998998,0.0850155649715003,0.0733104979997123,0.0827986733256152,0.0710676198340346,0.12047973478413,0.0559216816523167,0.214158554003544
"phil","Philadelphia","PA","Pennsylvania","under65",0.118073153007079,-0.00711737581824637,0.272942936311201,0.375908479164184,0.0469336031381905,0.03133261842154,0.0390383112934925,0.0291100742323967,0.0248665235564355,0.027127042519617,0.0245876346067747,0.0378247184621075,0.0204273036681771,0.0582490465768527
"phil","Philadelphia","PA","Pennsylvania","65to74",0.258120027955855,0.245841633745036,0.142362167285588,1.73478438827921,0.0623444358516316,0.0415536806629839,0.0518555978830282,0.0392208066515351,0.0329038341213042,0.0359618776287247,0.0327721857872251,0.0503040899646122,0.028048570857459,0.0715929836614912
"phil","Philadelphia","PA","Pennsylvania","75p",-0.244415202207989,-0.149943674303227,-0.0316757212752437,0.513716764298428,0.0297114252426764,0.0196524082184726,0.0247393790690461,0.018197094643255,0.0156315339858037,0.017041599085283,0.0154546493736082,0.0242939623113292,0.0124668339256993,0.0384202627979161
"phoe","Phoenix","AZ","Arizona","under65",-0.151506770412534,0.0653186467667081,0.0407923266111525,0.532084565777825,0.0716103570848827,0.0503912799318987,0.0617839586693426,0.0466603151091937,0.0399495104484891,0.0447015714245877,0.0391457056196504,0.0591576418572591,0.0330876421246001,0.120889660314041
"phoe","Phoenix","AZ","Arizona","65to74",-0.166855329063921,-0.0689030441990871,-0.0238808155360237,0.216615388028804,0.0955144939088487,0.0668467727833251,0.0823546066028319,0.0619882603028002,0.0527101152911433,0.059173138702305,0.0517098962784751,0.0789152010529168,0.0440616714661901,0.158610168657464
"phoe","Phoenix","AZ","Arizona","75p",0.0821187205171171,0.0763114841235189,0.157516856285952,0.210916295245333,0.0389199507502003,0.0272315602095698,0.0336467572351727,0.0246996388565087,0.0215208035044916,0.0241785797552761,0.0209264709536001,0.0324730079598082,0.0166934802489416,0.0743518289779021
"pitt","Pittsburgh","PA","Pennsylvania","under65",0.126944952531699,0.114600640957042,0.0832495968371435,0.633292261107433,0.0706897982262941,0.0449826821537539,0.0596659904483439,0.0393322942663415,0.0352326812473503,0.0394864243184287,0.0339936334929549,0.0588537859599899,0.0242312531267618,0.0870306933575176
"pitt","Pittsburgh","PA","Pennsylvania","65to74",-0.13248949023884,-0.0831639755744333,-0.102096992567758,0.160842299975891,0.0549515739823548,0.0346153401263509,0.046480793216703,0.0300032169662975,0.0271051172457366,0.0304963895516879,0.0260234729170301,0.0465239659136498,0.0177148065351033,0.0711958338880173
"pitt","Pittsburgh","PA","Pennsylvania","75p",0.0196371383817394,-0.0137531645004776,0.129215998784889,0.106045229402554,0.0255537923546298,0.0161648106917266,0.0216909342892269,0.0139104929536521,0.0126390548513749,0.0142295998964123,0.012153029716541,0.021555044538928,0.00834504503427164,0.0334411285035875
"port","Portland","OR","Oregon","under65",-0.357799330830484,-0.206979508282543,-0.0326264944550477,0.120209263847997,0.0883990046828577,0.0527100610744615,0.0786067091866042,0.0482426811843337,0.0399539888264582,0.0458605451713344,0.0409372472943909,0.0852106171726349,0.0236014040938894,0.133549960952484
"port","Portland","OR","Oregon","65to74",0.0769422848687987,0.14372900573947,0.0850801581088131,0.315770459024768,0.102397401386296,0.0610225849194643,0.0920292253228832,0.0545592169725003,0.0460379416334776,0.0533988238507963,0.0466977481939284,0.101154108667595,0.0250015550572641,0.159387933916767
"port","Portland","OR","Oregon","75p",-0.052457671735202,-0.00642072454642678,0.251680683940291,0.360104221556355,0.0388161051648788,0.0231654405858486,0.0344342506733737,0.0213434265917799,0.0175196538956775,0.0200895320658484,0.0180245231712743,0.0372163159520597,0.0105158463613705,0.0580123058481096
"prov","Providence","RI","Rhode Island","under65",-0.254932669289105,-0.235171761943254,-0.518342908087233,0.270967338098771,0.1982097486995,0.134888022195078,0.168638786874033,0.129005151283827,0.106917885241898,0.118196689506652,0.105644782064538,0.160916768124441,0.0980889679246678,0.193388914566184
"prov","Providence","RI","Rhode Island","65to74",0.254851201935206,0.4321974563069,0.403179809575219,0.80821639210148,0.191542819058854,0.131750708535786,0.162549854310225,0.126671116988547,0.104531079281563,0.115238328927609,0.103368779626703,0.153512609240605,0.0978266923879322,0.181083665412884
"prov","Providence","RI","Rhode Island","75p",0.188385802554987,0.189651344734872,0.453944384487696,0.626780580436932,0.0987660091484006,0.0673057409546193,0.083814420333691,0.0650299550366119,0.0534662298920881,0.0589768855991089,0.0530650161717815,0.079527568494043,0.0503994941159538,0.0917631383193512
"ral","Raleigh","NC","North Carolina","under65",-0.247341712917044,-0.372030129391237,-0.080885393525526,-0.862743736133367,0.119333842525396,0.0727760969852585,0.0968264071428994,0.0668424389335097,0.0566934867278676,0.0620538716218143,0.055424930307264,0.0979306304327556,0.0330177668021642,0.268176203129446
"ral","Raleigh","NC","North Carolina","65to74",0.239878391708645,0.0166608884466842,0.236261759607554,-0.132519010538988,0.0854513505513385,0.0523397269754815,0.0696232469867077,0.0477851907032539,0.0405955262573317,0.0446473829215727,0.0393627664150966,0.0702075143139553,0.0239729521133333,0.183366884880079
"ral","Raleigh","NC","North Carolina","75p",-0.0897208566998155,-0.0533503937784668,-0.0728787067039869,-0.0917550423451759,0.0982760116308557,0.0596752471564427,0.0798850655583196,0.0560600334536729,0.0468059068374934,0.0510555255385831,0.0460109817015616,0.0819899085526228,0.0287662666302129,0.21273906633377
"rich","Richmond","VA","Virginia","under65",0.934956193588159,0.558624217137548,0.798041124684853,0.971679869663086,0.206946293532078,0.133129771208324,0.170327515279902,0.126446998413225,0.104118596638782,0.114127465294713,0.103976533208425,0.165046698130693,0.080487055741318,0.256678898512481
"rich","Richmond","VA","Virginia","65to74",0.466355938151765,0.397162712238049,0.468440576308522,0.7277905409127,0.138918463330306,0.0891877982949086,0.113953430956054,0.0848627076914524,0.0702429431747977,0.0764597553630185,0.0703099102799986,0.110551992765066,0.0538608332062786,0.173419133458164
"rich","Richmond","VA","Virginia","75p",0.0932640248771907,0.0923142300770295,-0.0174041328431306,0.756106951223063,0.16169551406219,0.103687468680599,0.132720541889299,0.0987036866830221,0.0819656531042843,0.0890940385021251,0.0819494214056674,0.129178041275568,0.0626276211133007,0.201137324798241
"rive","Riverside","CA","California","under65",0.286349494108634,0.23874291374988,0.232973963608139,0.574021113039166,0.143839325582888,0.103607151693031,0.12535690464758,0.0970702720162803,0.0857737910701494,0.0947004112439081,0.0839629518338419,0.123297259193664,0.0816116276125787,0.17715517201424
"rive","Riverside","CA","California","65to74",-0.323200706008376,-0.239385616149379,-0.428433070101664,0.0550765576434194,0.136051409468821,0.0963273483357802,0.11814865417721,0.0893560574193736,0.0797635374809279,0.0881009902258752,0.077819982232901,0.118353586827079,0.0729486504041366,0.189361345495604
"rive","Riverside","CA","California","75p",-0.208191654651495,-0.105120880598566,-0.0906919964267884,0.125842944055,0.0650925816623612,0.0466658019990132,0.0566516455668613,0.0435114691053221,0.0386139001999507,0.0426914373439741,0.0377041018450156,0.0558140372352744,0.036372097227281,0.0823492591738977
"roch","Rochester","NY","New York","under65",-0.107206407216326,-0.0973684993809188,-0.00269936071224192,-0.451092480280052,0.16629745355637,0.110453088614144,0.143637504169325,0.0914208491583739,0.0882195991277236,0.0976314448670724,0.0838621310421249,0.142108354100572,0.0538210236254941,0.244415500179586
"roch","Rochester","NY","New York","65to74",0.27455487924675,0.0867271606513592,0.406696058799724,-0.232119327481543,0.151301288909273,0.0996984572124703,0.130852853051794,0.0815231276739225,0.0800060091125942,0.088287709866573,0.0760024608771654,0.130649822683137,0.0457015611684241,0.237867353322849
"roch","Rochester","NY","New York","75p",-0.044013846590747,-0.0640755152839364,0.0184984053399932,0.486498248676509,0.0723640575472561,0.0477604714775187,0.0624207601577579,0.0400839896845231,0.0380874936153521,0.0421318660645697,0.0365732980598263,0.0620137545222009,0.0235349531002381,0.106478208995681
"sacr","Sacramento","CA","California","under65",0.574181613463422,0.472907748789735,0.594451094586221,0.596904266001309,0.0899395041041134,0.0603672741506346,0.0792934355067275,0.0615887951929204,0.0482079116540666,0.0531628025942147,0.0493476444313097,0.0792432942022831,0.0468079170311553,0.0907719813455477
"sacr","Sacramento","CA","California","65to74",-0.370818555948173,-0.17542087846856,-0.359344519657456,-0.10674893088407,0.0984526846507066,0.0653602741207239,0.0868418986605477,0.0665664548753753,0.0524115396934293,0.0575201629522675,0.0536659590053718,0.0883636373698117,0.0489721390841406,0.106428452221945
"sacr","Sacramento","CA","California","75p",-0.0424975789050494,0.0347493116962716,0.132791563497633,0.165797845054158,0.0515100745907634,0.0343702629761528,0.0454030373247001,0.0349351258593819,0.0273553411002959,0.0302265028037667,0.0280072273220162,0.0456465505053289,0.0260281556329576,0.0538648610729794
"salt","Salt Lake City","UT","Utah","under65",-0.0939191320806665,0.000776060164364933,0.257879412381365,0.173320450309355,0.1669441063614,0.105115210537763,0.133739160778426,0.0974075053310261,0.0826192985173049,0.0908561418251095,0.0809663063804744,0.13187183790975,0.0673745300123531,0.211697400815003
"salt","Salt Lake City","UT","Utah","65to74",0.0306446005582403,0.315289051302355,0.1593819040251,0.145227333400057,0.183142297452684,0.116001371157644,0.147620734690073,0.10661410149717,0.0901348620410934,0.0999884922200685,0.0879049779502026,0.144561460975173,0.0725163837557661,0.231549137385658
"salt","Salt Lake City","UT","Utah","75p",0.00731985336972818,-0.129699722842047,-0.0449285041168844,0.0885646971438563,0.0880571998973091,0.0552981730702147,0.0706270270772305,0.0504074324397969,0.0434081484160547,0.0477728881888789,0.0422661631103949,0.0702959680200203,0.0335060074897292,0.11662566646254
"sana","San Antonio","TX","Texas","under65",0.042355899891956,0.0926868012768719,0.187642524541901,0.107000162870255,0.180344787235627,0.13197147787446,0.152407090650436,0.12041812771134,0.108037056093893,0.117051443848552,0.102859624959502,0.144425272541886,0.0901275101370514,0.325595778413365
"sana","San Antonio","TX","Texas","65to74",0.140628918775018,0.177203711551735,0.124942697480849,0.380146968698895,0.211306386191046,0.153917187646356,0.178294979289492,0.140677994411858,0.126419165216218,0.13672108777932,0.120787956641802,0.169943438134378,0.104146082374688,0.408317130647757
"sana","San Antonio","TX","Texas","75p",0.116332772712845,-0.0114859949851299,0.0446803583472368,0.0258310885430284,0.102816037136734,0.0747897879547677,0.0865513063490358,0.0690442737741138,0.0612896182212189,0.0663306658197737,0.0588050582571045,0.0823159116003341,0.0519991802182465,0.176550803025462
"sanb","San Bernardino","CA","California","under65",0.164277114907136,0.260778484832783,0.116970630497355,0.371142196305647,0.121005040661591,0.0922854278655307,0.110209497160343,0.0833742338600111,0.0789202736989719,0.0863074191736037,0.0756323222378526,0.113638725514434,0.0622150421501386,0.16906915813694
"sanb","San Bernardino","CA","California","65to74",0.426372276026593,0.259143600747487,0.463184470655695,0.291210815612107,0.146136160036316,0.110478316255004,0.133112262464822,0.0988534977092404,0.0942145349856629,0.103333156935908,0.0900580734838858,0.138377857696771,0.0718050359318775,0.212709273022072
"sanb","San Bernardino","CA","California","75p",0.0495451585791491,0.092269834449433,0.286454044270156,0.0434031839234965,0.0725456268558728,0.0550932002777156,0.0659491198414601,0.049599879138397,0.0473755371708666,0.051637475396924,0.0454740654700491,0.068180937099468,0.0366441109164775,0.106038498196324
"sand","San Diego","CA","California","under65",-0.259133570928033,-0.14086205192587,-0.229392559126864,0.208572297713775,0.0741575204707015,0.0574960842936862,0.0683282832866569,0.0527319538433222,0.0501995128212155,0.0538500510828941,0.0488073757414995,0.074540019421994,0.0314193567913027,0.16221370280539
"sand","San Diego","CA","California","65to74",-0.0458187138205118,-0.0119040315991265,-0.0484557953437526,-0.123556189125119,0.0901658324690487,0.0693584427608482,0.08322918806229,0.0616945766926407,0.0604765189087871,0.0650520979524306,0.0581164905327257,0.0916826991629532,0.0333032154119997,0.217355114321406
"sand","San Diego","CA","California","75p",-0.275770460059431,-0.231447180743345,-0.0606375691290744,0.01384738224134,0.0348775555111827,0.0270027604393119,0.0321181788383414,0.0243529517903087,0.0235649218511374,0.0252730380401607,0.0228173350284062,0.0351202274834569,0.0137085652005474,0.0814930350635415
"sanf","San Francisco","CA","California","under65",-0.45931493468834,-0.348919727721671,-0.403463762195546,0.0337150151745331,0.0741930083394929,0.0492399080802248,0.0738705228314324,0.0327542462068268,0.0407666172764063,0.0434187089323787,0.0381826673195903,0.110077716911769,-0.0397373304220127,0.367536470743308
"sanf","San Francisco","CA","California","65to74",-0.0509927901559862,-0.227222463662181,0.111762633960031,-0.0142710842902236,0.115102208593744,0.0764358804343448,0.113913381173045,0.0525740643583073,0.0631763368662821,0.0675371419887395,0.0585379763223664,0.167136574898858,-0.0548805744009536,0.5556598996267
"sanf","San Francisco","CA","California","75p",0.134259126904082,0.148099855212835,0.0378857083609312,1.35444470388643,0.0605192172781365,0.0406346420102715,0.0594971350857703,0.0297819482822926,0.0334145741765118,0.0362204784250022,0.0307319187754137,0.0838612357937586,-0.0182563873270685,0.247117977824614
"sanj","San Jose","CA","California","under65",-0.00176202699063446,0.131717648199588,-0.0368824906351073,0.530471912569385,0.089230589038038,0.0590871770254223,0.0884791379939144,0.0403555053097497,0.0474568144322246,0.0543125870422503,0.0416984586272102,0.117014257545329,-0.00842144821411213,0.25094952843072
"sanj","San Jose","CA","California","65to74",-1.08238171468876,-0.596789674314058,-0.782479896810272,0.55778685625241,0.106400669195272,0.0696948847587513,0.10433244917264,0.0473977374337769,0.0562023532187112,0.063165330886372,0.0494406490774768,0.138515109328345,-0.0133095425865471,0.30946257356617
"sanj","San Jose","CA","California","75p",0.174205336123477,0.259119081623204,0.489325550180709,0.481952428103768,0.0485397819497303,0.0317374649986714,0.0477219163210778,0.0219255845300329,0.0252758292382882,0.0289429264443721,0.0217964441977011,0.0625955513645487,-0.00392130180736722,0.132477554700984
"seat","Seattle","WA","Washington","under65",-0.072338752633519,0.0335365817870425,0.106127640014145,-0.371814212308014,0.108133979418376,0.0718172535159104,0.100036413355988,0.0604520889190919,0.0554148430403687,0.0645434377378614,0.0535566615480223,0.108783379789684,0.0298203848739043,0.160552258391113
"seat","Seattle","WA","Washington","65to74",-0.144037479653062,-0.174448447530127,0.0268193970806404,-0.316552292855097,0.126151726927527,0.0839426991648605,0.116887672618322,0.0708677730243351,0.0650190768814272,0.0756872805449709,0.0626368043170054,0.126981464020274,0.0363129237559854,0.180940313605684
"seat","Seattle","WA","Washington","75p",-0.318963007811961,-0.0482838233806098,-0.234169423033563,0.492582105220859,0.0444042321325909,0.0291725526632715,0.0408067604185836,0.0250180291998654,0.0224896140660846,0.0260737666388931,0.0219553887565303,0.0443008283022566,0.0130078901431893,0.0616284025670535
"shr","Shreveport","LA","Louisiana","under65",0.422499856545242,0.410961527293335,0.397651646056009,0.715433919211748,0.145801783770628,0.09569402424808,0.121563333629287,0.0915129362661189,0.076748597262749,0.0857347294614693,0.0777643575745026,0.126774463826957,0.0648019457298478,0.24994061022697
"shr","Shreveport","LA","Louisiana","65to74",0.272508663473379,0.0513073883759267,0.0889421949825269,0.463419339471434,0.110367336896257,0.0714200048320278,0.0914546615584689,0.0679799059460134,0.0573298990449505,0.0639167937181645,0.0581207333601653,0.0958474557408493,0.0468498965736205,0.194374787262961
"shr","Shreveport","LA","Louisiana","75p",0.118182637875198,-0.119637618285348,0.159717396905472,0.281923291098992,0.105961745232184,0.0686932294234969,0.0878135662753365,0.0657260624526268,0.055632127405109,0.0617444905171071,0.0568564342918631,0.0918868788907996,0.0457675291820111,0.183022348481072
"spok","Spokane","WA","Washington","under65",0.0190603845296139,0.124894065105649,-0.0443930419389872,0.781341321825808,0.157601050894125,0.0997305692440652,0.135724821714809,0.094652026644764,0.0785261786370019,0.0879239671343797,0.077792095469972,0.137412644923034,0.0690530723306464,0.181943909430899
"spok","Spokane","WA","Washington","65to74",-0.247396636390812,-0.144590213397239,-0.36975333681834,0.445636111462185,0.130874758399356,0.0813381635605913,0.112976998432516,0.0766757772570533,0.0647204894791188,0.0717994697930791,0.0641313993726761,0.117218369492498,0.0546301703044273,0.163345011588383
"spok","Spokane","WA","Washington","75p",-0.269717930823123,-0.0743689124153631,-0.0878727399778537,-0.0492223161641722,0.0767680433106019,0.0479850673771668,0.066009089494518,0.0454431045018673,0.0378228527855964,0.0422193416693319,0.03750161160571,0.0674967084140493,0.0325731437438434,0.0932725547113412
"staa","Santa Ana/Anaheim","CA","California","under65",0.0945736879937002,0.0645652567288483,-0.176335615533189,0.493121605546933,0.0814182242628007,0.0637494273427992,0.0773216827116605,0.0542228814452797,0.0561842427509876,0.0608562338829188,0.0524072471338458,0.0867387129983864,0.0292512509237731,0.186869385513721
"staa","Santa Ana/Anaheim","CA","California","65to74",-0.154875401987096,0.101950314653078,0.0413817312689542,0.367093948949737,0.115243120398432,0.0906035686434538,0.109281839797912,0.0780077933672718,0.0797610058811238,0.0865130262566886,0.0744064631674702,0.120867532573579,0.0464887427496351,0.243450130581516
"staa","Santa Ana/Anaheim","CA","California","75p",-0.0911149853390013,-0.0959329173859454,-0.0393294560842463,0.297617268110188,0.0431481430200898,0.0339941883935529,0.0410701154077316,0.0285365442000343,0.0300672910098752,0.0325509476110161,0.0279442862225703,0.0457402162304456,0.0157133044724722,0.0986593819120227
"stlo","St. Louis","MO","Missouri","under65",0.45280794360619,0.438393670625834,0.5764477222509,0.941632018612413,0.126367021530211,0.0803155869677033,0.102626475767377,0.082488422273723,0.0655220629086283,0.0703866267274702,0.0667494378837487,0.098396885137161,0.0629059273244,0.117390135668484
"stlo","St. Louis","MO","Missouri","65to74",0.239317607574261,0.328062939757191,0.312164272943036,0.428621350558821,0.136860583814732,0.0876695726151072,0.11198039153037,0.0895704882458508,0.0713236121149526,0.0769940930056768,0.0725503210090661,0.107552785816974,0.0681410094189391,0.132127911254348
"stlo","St. Louis","MO","Missouri","75p",0.147812952355575,-0.0471248203308646,0.0460836504523358,0.698918891220826,0.0748087516598604,0.0476923630099462,0.0609029485873934,0.0494223032335338,0.0389341405060817,0.0419266022067767,0.0396353189161214,0.0584909983381662,0.0381036658438001,0.0674501966601346
"stoc","Stockton","CA","California","under65",0.412247979764896,0.284668993155837,0.676666335256595,-0.446495371406735,0.136833608660582,0.090402932338398,0.123021957032595,0.0827208047739016,0.0725177007411825,0.0813635234523612,0.0703538009681862,0.12630073859616,0.054436033528324,0.187679961139756
"stoc","Stockton","CA","California","65to74",0.380423917746821,0.204543503664459,0.498485739060078,0.526839207632532,0.138347302393591,0.0916078562251654,0.124068904963022,0.0850674815813604,0.0734174791070421,0.0822998936910981,0.0716034631458498,0.126844383909092,0.0583160489830944,0.166569144308227
"stoc","Stockton","CA","California","75p",0.522899037851947,0.203646131138176,0.485126504729538,0.361472356572704,0.0965093833524079,0.0634734557303422,0.0867764734315119,0.0583871908053124,0.0507264807021615,0.0570284575063687,0.0492906683633501,0.0896275878928873,0.0386511916036422,0.120860996710096
"stpe","St. Petersburg","FL","Florida","under65",-0.13691480382511,-0.0812796712524976,0.0363007966584253,-0.128133910558787,0.139178154044172,0.0907200205581503,0.118651496521461,0.0860156867923104,0.0685182153281664,0.077897925928917,0.0671102599699653,0.114789865493097,0.0644052732597611,0.143036446711458
"stpe","St. Petersburg","FL","Florida","65to74",0.028539314530273,-0.00860603068198804,0.214859202246527,-0.37344562455004,0.121585569784823,0.0788387052930095,0.103840569559519,0.0736797698642005,0.0594296138877272,0.0677003004361672,0.0579274321842052,0.101202014780294,0.0537040992230783,0.132768232966264
"stpe","St. Petersburg","FL","Florida","75p",-0.15065817310811,-0.136464222006414,-0.143526669060237,0.0469215748444758,0.0356346911246149,0.0231106081852802,0.0303013899811173,0.0221022260439218,0.0174275933176989,0.01980841298945,0.0171454347200702,0.0293978335992707,0.0166442291681698,0.0352431936693285
"syra","Syracuse","NY","New York","under65",-0.412410173829033,-0.220569825905777,-0.23287233946335,-0.124538245151897,0.184599682421003,0.12035566267042,0.15777338962936,0.103917548516806,0.0960596585958703,0.106521356154565,0.0915095492983605,0.156196549975498,0.0631975015849985,0.271481605313154
"syra","Syracuse","NY","New York","65to74",0.0911531614770228,-0.0224336317362332,0.0658045678260695,-0.176045182886305,0.176712038977377,0.116536369048194,0.152045382844787,0.0990655937990192,0.092786947356418,0.103355291660691,0.0876557015516958,0.15069596917238,0.0595543069007531,0.270058199453679
"syra","Syracuse","NY","New York","75p",-0.192623924897589,-0.249111346011061,-0.23898255700198,0.205892330578844,0.104125368524127,0.0682206480681455,0.0892789342120876,0.0588014998873331,0.0544496352537638,0.0604845955999615,0.0518317318252556,0.088530581141077,0.0358622467879724,0.15392185997255
"taco","Tacoma","WA","Washington","under65",-0.235970690917455,-0.287085689428655,-0.213644283648263,0.106999544521058,0.206296868750306,0.136728134899468,0.190946165293228,0.116261069132241,0.10572290622129,0.122935089888955,0.102455977844178,0.208752006723747,0.0594532787166765,0.292150129917048
"taco","Tacoma","WA","Washington","65to74",0.365498488433656,0.271885639001429,0.533972814693759,0.606020817938467,0.185209536728017,0.122599496478619,0.170700864449622,0.104285592073607,0.0947743546932261,0.109997007503331,0.0919391547186894,0.18471393218897,0.0532685538557799,0.263151040891968
"taco","Tacoma","WA","Washington","75p",0.10757691828448,0.0981637151382056,0.421718591889035,0.459412053855967,0.122500873672903,0.0804732844896937,0.11264596465503,0.0689603613857125,0.0615397607253498,0.0720201533436137,0.059801909419369,0.121479221815745,0.0368615008320048,0.164717142548011
"tamp","Tampa","FL","Florida","under65",-0.383025995744885,-0.281899064454587,-0.193316825868767,-0.383802638012296,0.127817808220343,0.0826590803148428,0.108680872421801,0.0779470320560576,0.0621838876016548,0.0707796571426559,0.0609076775333266,0.105407335699791,0.0570104063142706,0.139906014624717
"tamp","Tampa","FL","Florida","65to74",0.773026920064263,0.57488903319099,0.700042972722931,0.848722976745667,0.15486857195329,0.101297713705071,0.132400285912216,0.0958417662063928,0.0762145911573421,0.0870939157112334,0.0745029107176683,0.128080783797627,0.0719689492739117,0.158872187954396
"tamp","Tampa","FL","Florida","75p",-0.17046182625808,-0.10494815859362,-0.277723306494891,0.0862428341985747,0.0807418917141706,0.0524712429630853,0.0686825959761279,0.0502564806858041,0.0395478364451025,0.0449869979830641,0.0389035262650206,0.0665326104703219,0.0380472308640136,0.0782234371951191
"tole","Toledo","OH","Ohio","under65",-0.578753148193245,-0.277209680395538,-0.342395252493753,-0.327470179608421,0.110654218788527,0.0682146767275926,0.0944322499558465,0.0592765894959155,0.0558127775002697,0.0604436144280768,0.0552528254708379,0.0984429201335113,0.0294407273622014,0.217383294906452
"tole","Toledo","OH","Ohio","65to74",0.0880751615568985,-0.00446573022436758,0.108027327808278,-0.0506544563125001,0.100409719530121,0.0615694963161736,0.0858669509066179,0.0538797407209528,0.0505237125541678,0.0546861576806921,0.0498762023387802,0.0901215227384857,0.025466405024399,0.20051323161977
"tole","Toledo","OH","Ohio","75p",0.254337338713103,0.117757443405467,0.420883101479046,0.0487261910943222,0.0720739482676371,0.0443840530771667,0.0616677349828514,0.0383869035989706,0.0360535100047721,0.0393262382995468,0.0356454402856664,0.0637306547725584,0.0196177989345018,0.13606485439284
"tope","Topeka","KS","Kansas","under65",-0.025401026078661,-0.00616347936701564,0.00230287567971429,-0.197995476289784,0.138580165359202,0.0932049529012282,0.118675407739995,0.0847808994967568,0.0771099713861157,0.0833753558542356,0.0790410264235157,0.118353920217529,0.0538938001917121,0.293314441593091
"tope","Topeka","KS","Kansas","65to74",0.205618513874978,0.188190291613884,0.0453354011596061,0.554359105509274,0.105227959344138,0.0710716929217837,0.0901675609444253,0.0648405000324604,0.0587380034569317,0.0636396609919857,0.0596519994956062,0.0898398612215296,0.0421019551943272,0.20774904739063
"tope","Topeka","KS","Kansas","75p",-0.730928722833093,-0.485677904382868,-0.589135668147462,-0.291995276429171,0.157676023106767,0.104088421215301,0.133760240398978,0.0961329685728654,0.0868649938578206,0.0932770778438219,0.0897558722721948,0.134297066375646,0.0616201428695252,0.321041548177511
"tucs","Tucson","AZ","Arizona","under65",0.0780771445786864,0.00230895927688043,-0.209202799395938,0.292633748666649,0.20433292453708,0.142205389362131,0.180986651538891,0.122584548359555,0.110642460829087,0.127339509268713,0.103481848227185,0.182743123363602,0.0787874500232979,0.342196223787478
"tucs","Tucson","AZ","Arizona","65to74",-0.418409176444366,-0.178167200899893,-0.290459512109835,-0.156014368169793,0.188909762651744,0.13082877815212,0.167127714309713,0.111626283186372,0.102588694229234,0.117461009321855,0.0959023733818137,0.169986403561812,0.0696785833259674,0.32651627422673
"tucs","Tucson","AZ","Arizona","75p",0.197913652244363,0.201127561915024,0.292730710299741,0.643520273250921,0.103446142835889,0.0718166020308951,0.0916045406495023,0.0615926546954999,0.0562190686994838,0.0644611756269393,0.0525965837514488,0.093056818196833,0.0389018081939333,0.179176403596731
"tuls","Tulsa","OK","Oklahoma","under65",-0.396841408644018,-0.236861913381067,-0.257376495987986,-0.933644192827736,0.159323299005491,0.10834865176541,0.137370113467685,0.0796314360812868,0.0905866024719905,0.0984933842977708,0.0850043946458653,0.137735962769603,0.0415936193182431,0.419958161968536
"tuls","Tulsa","OK","Oklahoma","65to74",0.738732273245261,0.717198787595674,0.632102242019526,0.387595413373425,0.152024772126555,0.103970690367996,0.131209671368518,0.0770931868357805,0.0865131101715899,0.0943048173369004,0.0810637830518471,0.130879045842891,0.041324547359824,0.382731398122762
"tuls","Tulsa","OK","Oklahoma","75p",0.31097923862254,0.0983827496087411,0.200015854550807,0.0832553697689082,0.108326077163874,0.074063905241638,0.0935862653519117,0.054619511829541,0.061647129863415,0.0672164069829296,0.0578773245791808,0.0934016816537374,0.0288935613591308,0.267899967583943
"wich","Wichita","KS","Kansas","under65",-0.0555284384219106,0.145765461169769,0.20186997651266,-0.0668299885462707,0.300975592057949,0.203022490974059,0.250828253633356,0.204820246874404,0.166006450922464,0.180906390191056,0.16932328793066,0.237573216767757,0.168034764688337,0.286185469337304
"wich","Wichita","KS","Kansas","65to74",0.501817556288408,0.241933702657541,0.402080004892058,0.29059843745894,0.368223749782705,0.252198264778454,0.309052238036781,0.256631181262588,0.207207235764673,0.22554846134187,0.211695813556721,0.292616853208697,0.213350464250751,0.334538719325673
"wich","Wichita","KS","Kansas","75p",0.0925532773960591,0.222835681606681,0.104518706905812,0.154046519388499,0.138816699375432,0.0930972255300486,0.115778312054612,0.0944009433895279,0.0767226603818334,0.0834383289743665,0.0786873645138727,0.110863161457404,0.0777095798192698,0.13353973271041
"wor","Worcester","MA","Massachusetts","under65",-0.28611729547484,-0.137234491349748,-0.561266784095045,0.780894928226936,0.312032057293751,0.216281614548126,0.265688469965677,0.209887636722461,0.168575055469133,0.189560499566524,0.165501587317735,0.245970131044729,0.167137860406395,0.256656020825244
"wor","Worcester","MA","Massachusetts","65to74",-0.680382307786173,0.104924131087061,-0.150605375400312,0.319142302105483,0.295807335004541,0.204711256959242,0.251853011459965,0.194428538146238,0.159799311920354,0.17959073757943,0.154774676522232,0.233274886685806,0.153008409355632,0.255251574484748
"wor","Worcester","MA","Massachusetts","75p",-0.293447641852037,-0.0535261310066654,0.126578788504411,0.15522868595207,0.122309324141419,0.0844961201085567,0.103756516119381,0.0813090918978566,0.0660621646348245,0.0740834330835252,0.064684095239439,0.0956409433883154,0.0644837009497237,0.105507093725768
